Date,M1_Position,M2_Position,M1_P&L,M2_P&L,P&L
1/3/07,0,0,0.0,0.0,0.0
1/4/07,0,0,0.0,0.0,0.0
1/5/07,0,0,0.0,0.0,0.0
1/8/07,0,0,0.0,0.0,0.0
1/9/07,0,0,0.0,0.0,0.0
1/10/07,0,0,0.0,0.0,0.0
1/11/07,0,0,0.0,0.0,0.0
1/12/07,0,0,0.0,0.0,0.0
1/16/07,0,0,0.0,0.0,0.0
1/17/07,0,0,0.0,0.0,0.0
1/18/07,0,0,0.0,0.0,0.0
1/19/07,0,0,0.0,0.0,0.0
1/22/07,0,0,0.0,0.0,0.0
1/23/07,0,0,0.0,0.0,0.0
1/24/07,0,0,0.0,0.0,0.0
1/25/07,0,0,0.0,0.0,0.0
1/26/07,0,0,0.0,0.0,0.0
1/29/07,0,0,0.0,0.0,0.0
1/30/07,0,0,0.0,0.0,0.0
1/31/07,0,0,0.0,0.0,0.0
2/1/07,0,0,0.0,0.0,0.0
2/2/07,0,0,0.0,0.0,0.0
2/5/07,0,0,0.0,0.0,0.0
2/6/07,0,0,0.0,0.0,0.0
2/7/07,0,0,0.0,0.0,0.0
2/8/07,0,0,0.0,0.0,0.0
2/9/07,0,0,0.0,0.0,0.0
2/12/07,0,0,0.0,0.0,0.0
2/13/07,0,0,0.0,0.0,0.0
2/14/07,0,0,0.0,0.0,0.0
2/15/07,0,0,0.0,0.0,0.0
2/16/07,0,0,0.0,0.0,0.0
2/20/07,0,0,0.0,0.0,0.0
2/21/07,0,0,0.0,0.0,0.0
2/22/07,0,0,0.0,0.0,0.0
2/23/07,0,0,0.0,0.0,0.0
2/26/07,0,0,0.0,0.0,0.0
2/27/07,0,0,0.0,0.0,0.0
2/28/07,0,0,0.0,0.0,0.0
3/1/07,0,0,0.0,0.0,0.0
3/2/07,0,0,0.0,0.0,0.0
3/5/07,0,0,0.0,0.0,0.0
3/6/07,0,0,0.0,0.0,0.0
3/7/07,0,0,0.0,0.0,0.0
3/8/07,0,0,0.0,0.0,0.0
3/9/07,0,0,0.0,0.0,0.0
3/12/07,0,0,0.0,0.0,0.0
3/13/07,0,0,0.0,0.0,0.0
3/14/07,0,0,0.0,0.0,0.0
3/15/07,0,0,0.0,0.0,0.0
3/16/07,0,0,0.0,0.0,0.0
3/19/07,0,0,0.0,0.0,0.0
3/20/07,0,0,0.0,0.0,0.0
3/21/07,0,0,0.0,0.0,0.0
3/22/07,0,0,0.0,0.0,0.0
3/23/07,0,0,0.0,0.0,0.0
3/26/07,0,0,0.0,0.0,0.0
3/27/07,0,0,0.0,0.0,0.0
3/28/07,0,0,0.0,0.0,0.0
3/29/07,0,0,0.0,0.0,0.0
3/30/07,0,0,0.0,0.0,0.0
4/2/07,0,0,0.0,0.0,0.0
4/3/07,0,0,0.0,0.0,0.0
4/4/07,0,0,0.0,0.0,0.0
4/5/07,0,0,0.0,0.0,0.0
4/9/07,0,0,0.0,0.0,0.0
4/10/07,0,0,0.0,0.0,0.0
4/11/07,0,0,0.0,0.0,0.0
4/12/07,0,0,0.0,0.0,0.0
4/13/07,0,0,0.0,0.0,0.0
4/16/07,0,0,0.0,0.0,0.0
4/17/07,0,0,0.0,0.0,0.0
4/18/07,0,0,0.0,0.0,0.0
4/19/07,0,0,0.0,0.0,0.0
4/20/07,0,0,0.0,0.0,0.0
4/23/07,0,0,0.0,0.0,0.0
4/24/07,0,0,0.0,0.0,0.0
4/25/07,0,0,0.0,0.0,0.0
4/26/07,0,0,0.0,0.0,0.0
4/27/07,0,0,0.0,0.0,0.0
4/30/07,0,0,0.0,0.0,0.0
5/1/07,0,0,0.0,0.0,0.0
5/2/07,0,0,0.0,0.0,0.0
5/3/07,0,0,0.0,0.0,0.0
5/4/07,0,0,0.0,0.0,0.0
5/7/07,0,0,0.0,0.0,0.0
5/8/07,0,0,0.0,0.0,0.0
5/9/07,0,0,0.0,0.0,0.0
5/10/07,0,0,0.0,0.0,0.0
5/11/07,0,0,0.0,0.0,0.0
5/14/07,0,0,0.0,0.0,0.0
5/15/07,0,0,0.0,0.0,0.0
5/16/07,0,0,0.0,0.0,0.0
5/17/07,0,0,0.0,0.0,0.0
5/18/07,0,0,0.0,0.0,0.0
5/21/07,0,0,0.0,0.0,0.0
5/22/07,0,0,0.0,0.0,0.0
5/23/07,0,0,0.0,0.0,0.0
5/24/07,0,0,0.0,0.0,0.0
5/25/07,0,0,0.0,0.0,0.0
5/29/07,0,0,0.0,0.0,0.0
5/30/07,0,0,0.0,0.0,0.0
5/31/07,0,0,0.0,0.0,0.0
6/1/07,0,0,0.0,0.0,0.0
6/4/07,0,0,0.0,0.0,0.0
6/5/07,0,0,0.0,0.0,0.0
6/6/07,0,0,0.0,0.0,0.0
6/7/07,0,0,0.0,0.0,0.0
6/8/07,0,0,0.0,0.0,0.0
6/11/07,0,0,0.0,0.0,0.0
6/12/07,0,0,0.0,0.0,0.0
6/13/07,0,0,0.0,0.0,0.0
6/14/07,0,0,0.0,0.0,0.0
6/15/07,0,0,0.0,0.0,0.0
6/18/07,0,0,0.0,0.0,0.0
6/19/07,0,0,0.0,0.0,0.0
6/20/07,0,0,0.0,0.0,0.0
6/21/07,0,0,0.0,0.0,0.0
6/22/07,0,0,0.0,0.0,0.0
6/25/07,0,0,0.0,0.0,0.0
6/26/07,0,0,0.0,0.0,0.0
6/27/07,0,0,0.0,0.0,0.0
6/28/07,0,0,0.0,0.0,0.0
6/29/07,0,0,0.0,0.0,0.0
7/2/07,0,0,0.0,0.0,0.0
7/3/07,0,0,0.0,0.0,0.0
7/5/07,0,0,0.0,0.0,0.0
7/6/07,0,0,0.0,0.0,0.0
7/9/07,0,0,0.0,0.0,0.0
7/10/07,1,-1,535.45,-357.05,178.40000000000003
7/11/07,1,-1,1237.5,-505.0,732.5
7/12/07,1,-1,212.5,-240.0,-27.5
7/13/07,1,-1,-12.5,-35.0,-47.5
7/16/07,1,-1,-50.0,-245.0,-295.0
7/17/07,1,-1,-200.0,20.0,-180.0
7/18/07,1,-1,250.0,-115.0,135.0
7/19/07,1,-1,-737.5,205.0,-532.5
7/20/07,1,-1,200.0,35.0,235.0
7/23/07,1,-1,-1325.0,560.0,-765.0
7/24/07,1,-1,112.5,-20.0,92.5
7/25/07,1,-1,-1787.5,520.0,-1267.5
7/26/07,1,-1,-1550.0,740.0,-810.0
7/27/07,1,-1,1137.5,-595.0,542.5
7/30/07,1,-1,-937.5,950.0,12.5
7/31/07,1,-1,400.0,-295.0,105.0
8/1/07,1,-1,587.5,-390.0,197.5
8/2/07,1,-1,-1937.5,810.0,-1127.5
8/3/07,1,-1,1237.5,-460.0,777.5
8/6/07,1,-1,737.5,-230.0,507.5
8/7/07,1,-1,1075.0,-505.0,570.0
8/8/07,1,-1,-2300.0,1075.0,-1225.0
8/9/07,1,-1,-350.0,330.0,-20.0
8/10/07,1,-1,200.0,-270.0,-70.0
8/13/07,1,-1,-1037.5,555.0,-482.5
8/14/07,1,-1,-987.5,725.0,-262.5
8/15/07,1,-1,500.0,440.0,940.0
8/16/07,1,-1,1275.0,-715.0,560.0
8/17/07,1,-1,-50.0,-110.0,-160.0
8/20/07,1,-1,62.5,-440.0,-377.5
8/21/07,1,-1,925.0,-505.0,420.0
8/22/07,1,-1,-112.5,110.0,-2.5
8/23/07,1,-1,850.0,-600.0,250.0
8/24/07,1,-1,-675.0,380.0,-295.0
8/27/07,1,-1,-1587.5,855.0,-732.5
8/28/07,1,-1,1362.5,-1065.0,297.5
8/29/07,1,-1,-200.0,-275.0,-475.0
8/30/07,1,-1,762.5,-400.0,362.5
8/31/07,1,-1,637.5,-600.0,37.5
9/4/07,1,-1,-650.0,430.0,-220.0
9/5/07,1,-1,150.0,-10.0,140.0
9/6/07,1,-1,-987.5,665.0,-322.5
9/7/07,1,-1,-225.0,45.0,-180.0
9/10/07,1,-1,875.0,-505.0,370.0
9/11/07,1,-1,175.0,-55.0,120.0
9/12/07,1,-1,437.5,-90.0,347.5
9/13/07,1,-1,0.0,-10.0,-10.0
9/14/07,1,-1,-400.0,375.0,-25.0
9/17/07,1,-1,2150.0,-1065.0,1085.0
9/18/07,1,-1,437.5,-100.0,337.5
9/19/07,1,-1,-450.0,120.0,-330.0
9/20/07,1,-1,137.5,-176.200000000008,-38.700000000008004
9/21/07,1,-1,-137.5,-225.0,-362.5
9/24/07,1,-1,-137.5,-355.0,-492.5
9/25/07,1,-1,362.5,-240.0,122.5
9/26/07,1,-1,412.5,-245.0,167.5
9/27/07,1,-1,-325.0,155.0,-170.0
9/28/07,1,-1,925.0,-425.0,500.0
10/1/07,1,-1,-100.0,-5.0,-105.0
10/2/07,1,-1,-187.5,295.0,107.5
10/3/07,1,-1,75.0,-45.0,30.0
10/4/07,1,-1,925.0,-955.0,-30.0
10/5/07,1,-1,-400.0,-190.0,-590.0
10/8/07,1,-1,675.0,-280.0,395.0
10/9/07,1,-1,-150.0,-45.0,-195.0
10/10/07,1,-1,-400.0,595.0,195.0
10/11/07,1,-1,462.5,-650.0,-187.5
10/12/07,1,-1,-712.5,370.0,-342.5
10/15/07,1,-1,-637.5,90.0,-547.5
10/16/07,1,-1,250.0,-410.0,-160.0
10/17/07,1,-1,-287.5,-185.0,-472.5
10/18/07,1,-1,-2050.0,1125.0,-925.0
10/19/07,1,-1,387.5,-440.0,-52.5
10/22/07,1,-1,600.0,-805.0,-205.0
10/23/07,1,-1,-175.0,180.0,5.0
10/24/07,1,-1,150.0,195.0,345.0
10/25/07,1,-1,875.0,-280.0,595.0
10/26/07,1,-1,225.0,-165.0,60.0
10/29/07,1,-1,-550.0,-45.0,-595.0
10/30/07,1,-1,950.0,-695.0,255.0
10/31/07,1,-1,-1962.5,740.0,-1222.5
11/1/07,1,-1,87.5,-160.0,-72.5
11/2/07,1,-1,-600.0,215.0,-385.0
11/5/07,1,-1,975.0,-415.0,560.0
11/6/07,1,-1,-2112.5,1050.0,-1062.5
11/7/07,1,-1,-362.5,1510.0,1147.5
11/8/07,1,-1,-1025.0,1275.0,250.0
11/9/07,1,-1,-737.5,1045.0,307.5
11/12/07,1,-1,2150.0,-1545.0,605.0
11/13/07,1,-1,-262.5,185.0,-77.5
11/14/07,1,-1,-1000.0,480.0,-520.0
11/15/07,1,-1,112.5,-435.0,-322.5
11/16/07,1,-1,-1137.5,545.0,-592.5
11/19/07,1,-1,425.0,-150.0,275.0
11/20/07,1,-1,-1412.5,600.0,-812.5
11/21/07,1,-1,1212.5,-540.0,672.5
11/23/07,1,-1,-1637.5,650.0,-987.5
11/26/07,1,-1,862.5,-650.0,212.5
11/27/07,1,-1,2200.0,-1260.0,940.0
11/28/07,1,-1,50.0,-100.0,-50.0
11/29/07,1,-1,612.5,120.0,732.5
11/30/07,1,-1,-412.5,390.0,-22.5
12/3/07,1,-1,-612.5,255.0,-357.5
12/4/07,1,-1,1187.5,-780.0,407.5
12/5/07,1,-1,1025.0,-495.0,530.0
12/6/07,1,-1,-12.5,-120.0,-132.5
12/7/07,1,-1,575.0,-130.0,445.0
12/10/07,1,-1,-2037.5,970.0,-1067.5
12/11/07,1,-1,612.5,-355.0,257.5
12/12/07,1,-1,-112.5,300.0,187.5
12/13/07,1,-1,-1000.0,405.0,-595.0
12/14/07,1,-1,-1075.0,880.0,-195.0
12/17/07,1,-1,462.5,-15.0,447.5
12/18/07,1,-1,-87.5,-135.0,-222.5
12/19/07,1,-1,487.5,-810.0,-322.5
12/20/07,1,-1,1162.5,-448.5999999999967,713.9000000000033
12/21/07,1,-1,425.0,-215.0,210.0
12/24/07,1,-1,162.5,-230.0,-67.5
12/26/07,1,-1,-1000.0,560.0,-440.0
12/27/07,1,-1,-212.5,130.0,-82.5
12/28/07,1,-1,-412.5,405.0,-7.5
12/31/07,1,-1,-937.5,695.0,-242.5
1/2/08,1,-1,12.5,-125.0,-112.5
1/3/08,1,-1,-1787.5,1825.0,37.5
1/4/08,1,-1,-75.0,195.0,120.0
1/7/08,1,-1,-1225.0,935.0,-290.0
1/8/08,1,-1,725.0,-560.0,165.0
1/9/08,1,-1,475.0,-85.0,390.0
1/10/08,0,0,-14.549999999999999,-7.049999999999999,-21.599999999999998
1/11/08,0,0,0.0,0.0,0.0
1/14/08,0,0,0.0,0.0,0.0
1/15/08,0,0,0.0,0.0,0.0
1/16/08,0,0,0.0,0.0,0.0
1/17/08,0,0,0.0,0.0,0.0
1/18/08,0,0,0.0,0.0,0.0
1/22/08,0,0,0.0,0.0,0.0
1/23/08,0,0,0.0,0.0,0.0
1/24/08,0,0,0.0,0.0,0.0
1/25/08,0,0,0.0,0.0,0.0
1/28/08,0,0,0.0,0.0,0.0
1/29/08,0,0,0.0,0.0,0.0
1/30/08,0,0,0.0,0.0,0.0
1/31/08,0,0,0.0,0.0,0.0
2/1/08,0,0,0.0,0.0,0.0
2/4/08,0,0,0.0,0.0,0.0
2/5/08,0,0,0.0,0.0,0.0
2/6/08,0,0,0.0,0.0,0.0
2/7/08,0,0,0.0,0.0,0.0
2/8/08,0,0,0.0,0.0,0.0
2/11/08,0,0,0.0,0.0,0.0
2/12/08,0,0,0.0,0.0,0.0
2/13/08,0,0,0.0,0.0,0.0
2/14/08,0,0,0.0,0.0,0.0
2/15/08,0,0,0.0,0.0,0.0
2/19/08,0,0,0.0,0.0,0.0
2/20/08,0,0,0.0,0.0,0.0
2/21/08,0,0,0.0,0.0,0.0
2/22/08,0,0,0.0,0.0,0.0
2/25/08,0,0,0.0,0.0,0.0
2/26/08,0,0,0.0,0.0,0.0
2/27/08,0,0,0.0,0.0,0.0
2/28/08,0,0,0.0,0.0,0.0
2/29/08,0,0,0.0,0.0,0.0
3/3/08,0,0,0.0,0.0,0.0
3/4/08,0,0,0.0,0.0,0.0
3/5/08,0,0,0.0,0.0,0.0
3/6/08,0,0,0.0,0.0,0.0
3/7/08,0,0,0.0,0.0,0.0
3/10/08,0,0,0.0,0.0,0.0
3/11/08,0,0,0.0,0.0,0.0
3/12/08,0,0,0.0,0.0,0.0
3/13/08,0,0,0.0,0.0,0.0
3/14/08,0,0,0.0,0.0,0.0
3/17/08,0,0,0.0,0.0,0.0
3/18/08,0,0,0.0,0.0,0.0
3/19/08,0,0,0.0,0.0,0.0
3/20/08,0,0,0.0,0.0,0.0
3/24/08,0,0,0.0,0.0,0.0
3/25/08,0,0,0.0,0.0,0.0
3/26/08,0,0,0.0,0.0,0.0
3/27/08,0,0,0.0,0.0,0.0
3/28/08,0,0,0.0,0.0,0.0
3/31/08,0,0,0.0,0.0,0.0
4/1/08,0,0,0.0,0.0,0.0
4/2/08,0,0,0.0,0.0,0.0
4/3/08,0,0,0.0,0.0,0.0
4/4/08,0,0,0.0,0.0,0.0
4/7/08,0,0,0.0,0.0,0.0
4/8/08,0,0,0.0,0.0,0.0
4/9/08,0,0,0.0,0.0,0.0
4/10/08,0,0,0.0,0.0,0.0
4/11/08,0,0,0.0,0.0,0.0
4/14/08,0,0,0.0,0.0,0.0
4/15/08,0,0,0.0,0.0,0.0
4/16/08,0,0,0.0,0.0,0.0
4/17/08,0,0,0.0,0.0,0.0
4/18/08,0,0,0.0,0.0,0.0
4/21/08,0,0,0.0,0.0,0.0
4/22/08,0,0,0.0,0.0,0.0
4/23/08,0,0,0.0,0.0,0.0
4/24/08,0,0,0.0,0.0,0.0
4/25/08,0,0,0.0,0.0,0.0
4/28/08,0,0,0.0,0.0,0.0
4/29/08,0,0,0.0,0.0,0.0
4/30/08,0,0,0.0,0.0,0.0
5/1/08,0,0,0.0,0.0,0.0
5/2/08,0,0,0.0,0.0,0.0
5/5/08,0,0,0.0,0.0,0.0
5/6/08,0,0,0.0,0.0,0.0
5/7/08,0,0,0.0,0.0,0.0
5/8/08,0,0,0.0,0.0,0.0
5/9/08,0,0,0.0,0.0,0.0
5/12/08,0,0,0.0,0.0,0.0
5/13/08,0,0,0.0,0.0,0.0
5/14/08,0,0,0.0,0.0,0.0
5/15/08,0,0,0.0,0.0,0.0
5/16/08,0,0,0.0,0.0,0.0
5/19/08,0,0,0.0,0.0,0.0
5/20/08,0,0,0.0,0.0,0.0
5/21/08,0,0,0.0,0.0,0.0
5/22/08,0,0,0.0,0.0,0.0
5/23/08,0,0,0.0,0.0,0.0
5/27/08,0,0,0.0,0.0,0.0
5/28/08,0,0,0.0,0.0,0.0
5/29/08,0,0,0.0,0.0,0.0
5/30/08,0,0,0.0,0.0,0.0
6/2/08,0,0,0.0,0.0,0.0
6/3/08,0,0,0.0,0.0,0.0
6/4/08,0,0,0.0,0.0,0.0
6/5/08,0,0,0.0,0.0,0.0
6/6/08,0,0,0.0,0.0,0.0
6/9/08,0,0,0.0,0.0,0.0
6/10/08,0,0,0.0,0.0,0.0
6/11/08,0,0,0.0,0.0,0.0
6/12/08,0,0,0.0,0.0,0.0
6/13/08,0,0,0.0,0.0,0.0
6/16/08,0,0,0.0,0.0,0.0
6/17/08,0,0,0.0,0.0,0.0
6/18/08,0,0,0.0,0.0,0.0
6/19/08,1,-1,-1139.55,972.95,-166.5999999999999
6/20/08,1,-1,-37.5,470.0,432.5
6/23/08,1,-1,-137.5,130.0,-7.5
6/24/08,1,-1,350.0,-415.0,-65.0
6/25/08,1,-1,-1900.0,1315.0,-585.0
6/26/08,1,-1,-225.0,15.0,-210.0
6/27/08,1,-1,50.0,395.0,445.0
6/30/08,1,-1,262.5,-460.0,-197.5
7/1/08,1,-1,-1175.0,880.0,-295.0
7/2/08,1,-1,112.5,60.0,172.5
7/3/08,1,-1,-662.5,-205.0,-867.5
7/7/08,1,-1,1100.0,-725.0,375.0
7/8/08,1,-1,-1287.5,740.0,-547.5
7/9/08,1,-1,325.0,-255.0,70.0
7/10/08,1,-1,-737.5,475.0,-262.5
7/11/08,1,-1,-575.0,360.0,-215.0
7/14/08,1,-1,-837.5,70.0,-767.5
7/15/08,1,-1,1475.0,-915.0,560.0
7/16/08,1,-1,625.0,100.0,725.0
7/17/08,1,-1,350.0,220.0,570.0
7/18/08,1,-1,50.0,25.0,75.0
7/21/08,1,-1,637.5,70.0,707.5
7/22/08,1,-1,412.5,-500.0,-87.5
7/23/08,1,-1,-1437.5,590.0,-847.5
7/24/08,1,-1,0.0,-420.0,-420.0
7/25/08,1,-1,-937.5,535.0,-402.5
7/28/08,1,-1,1337.5,-565.0,772.5
7/29/08,1,-1,1150.0,-285.0,865.0
7/30/08,1,-1,-887.5,50.0,-837.5
7/31/08,1,-1,-337.5,415.0,77.5
8/1/08,1,-1,-575.0,425.0,-150.0
8/4/08,1,-1,1712.5,-1145.0,567.5
8/5/08,1,-1,237.5,-545.0,-307.5
8/6/08,1,-1,-987.5,205.0,-782.5
8/7/08,1,-1,1212.5,-755.0,457.5
8/8/08,1,-1,637.5,-385.0,252.5
8/11/08,1,-1,-675.0,-35.0,-710.0
8/12/08,1,-1,-350.0,65.0,-285.0
8/13/08,1,-1,462.5,-485.0,-22.5
8/14/08,1,-1,300.0,5.0,305.0
8/15/08,1,-1,-887.5,440.0,-447.5
8/18/08,1,-1,-675.0,485.0,-190.0
8/19/08,1,-1,262.5,65.0,327.5
8/20/08,1,-1,87.5,175.0,262.5
8/21/08,1,-1,837.5,-445.0,392.5
8/22/08,1,-1,-1287.5,690.0,-597.5
8/25/08,1,-1,262.5,70.0,332.5
8/26/08,1,-1,512.5,-205.0,307.5
8/27/08,1,-1,800.0,-75.0,725.0
8/28/08,1,-1,-775.0,610.0,-165.0
8/29/08,1,-1,-300.0,465.0,165.0
9/2/08,1,-1,-62.5,350.0,287.5
9/3/08,0,0,-14.549999999999999,-7.049999999999999,-21.599999999999998
9/4/08,0,0,0.0,0.0,0.0
9/5/08,0,0,0.0,0.0,0.0
9/8/08,0,0,0.0,0.0,0.0
9/9/08,0,0,0.0,0.0,0.0
9/10/08,0,0,0.0,0.0,0.0
9/11/08,0,0,0.0,0.0,0.0
9/12/08,0,0,0.0,0.0,0.0
9/15/08,0,0,0.0,0.0,0.0
9/16/08,0,0,0.0,0.0,0.0
9/17/08,0,0,0.0,0.0,0.0
9/18/08,0,0,0.0,0.0,0.0
9/19/08,0,0,0.0,0.0,0.0
9/22/08,0,0,0.0,0.0,0.0
9/23/08,0,0,0.0,0.0,0.0
9/24/08,0,0,0.0,0.0,0.0
9/25/08,0,0,0.0,0.0,0.0
9/26/08,0,0,0.0,0.0,0.0
9/29/08,0,0,0.0,0.0,0.0
9/30/08,0,0,0.0,0.0,0.0
10/1/08,0,0,0.0,0.0,0.0
10/2/08,0,0,0.0,0.0,0.0
10/3/08,0,0,0.0,0.0,0.0
10/6/08,0,0,0.0,0.0,0.0
10/7/08,0,0,0.0,0.0,0.0
10/8/08,0,0,0.0,0.0,0.0
10/9/08,1,-1,-1089.55,-217.05,-1306.6
10/10/08,1,-1,6287.5,-3520.0,2767.5
10/13/08,1,-1,-725.0,1850.0,1125.0
10/14/08,0,0,-14.549999999999999,-7.049999999999999,-21.599999999999998
10/15/08,0,0,0.0,0.0,0.0
10/16/08,1,-1,-389.55,232.95,-156.60000000000002
10/17/08,1,-1,2850.0,-980.0,1870.0
10/20/08,1,-1,-1562.5,1350.0,-212.5
10/21/08,0,0,-14.549999999999999,-7.049999999999999,-21.599999999999998
10/22/08,0,0,0.0,0.0,0.0
10/23/08,0,0,0.0,0.0,0.0
10/24/08,1,-1,-1577.05,582.95,-994.0999999999999
10/27/08,1,-1,5200.0,-2920.0,2280.0
10/28/08,1,-1,-587.5,280.0,-307.5
10/29/08,1,-1,1725.0,-1020.0,705.0
10/30/08,1,-1,287.5,160.0,447.5
10/31/08,1,-1,112.5,-90.0,22.5
11/3/08,1,-1,1687.5,-780.0,907.5
11/4/08,0,0,-14.549999999999999,-7.049999999999999,-21.599999999999998
11/5/08,0,0,0.0,0.0,0.0
11/6/08,0,0,0.0,0.0,0.0
11/7/08,0,0,0.0,0.0,0.0
11/10/08,0,0,0.0,0.0,0.0
11/11/08,0,0,0.0,0.0,0.0
11/12/08,0,0,0.0,0.0,0.0
11/13/08,0,0,0.0,0.0,0.0
11/14/08,0,0,0.0,0.0,0.0
11/17/08,0,0,0.0,0.0,0.0
11/18/08,0,0,0.0,0.0,0.0
11/19/08,0,0,0.0,0.0,0.0
11/20/08,1,-1,2172.95,-1037.05,1135.8999999999999
11/21/08,1,-1,2800.0,-1120.0,1680.0
11/24/08,1,-1,262.5,230.0,492.5
11/25/08,1,-1,1650.0,-1180.0,470.0
11/26/08,1,-1,450.0,170.0,620.0
11/28/08,0,0,-14.549999999999999,-7.049999999999999,-21.599999999999998
12/1/08,0,0,0.0,0.0,0.0
12/2/08,0,0,0.0,0.0,0.0
12/3/08,0,0,0.0,0.0,0.0
12/4/08,0,0,0.0,0.0,0.0
12/5/08,0,0,0.0,0.0,0.0
12/8/08,0,0,0.0,0.0,0.0
12/9/08,0,0,0.0,0.0,0.0
12/10/08,0,0,0.0,0.0,0.0
12/11/08,0,0,0.0,0.0,0.0
12/12/08,0,0,0.0,0.0,0.0
12/15/08,0,0,0.0,0.0,0.0
12/16/08,0,0,0.0,0.0,0.0
12/17/08,0,0,0.0,0.0,0.0
12/18/08,0,0,0.0,0.0,0.0
12/19/08,0,0,0.0,0.0,0.0
12/22/08,0,0,0.0,0.0,0.0
12/23/08,0,0,0.0,0.0,0.0
12/24/08,0,0,0.0,0.0,0.0
12/26/08,0,0,0.0,0.0,0.0
12/29/08,0,0,0.0,0.0,0.0
12/30/08,0,0,0.0,0.0,0.0
12/31/08,0,0,0.0,0.0,0.0
1/2/09,0,0,0.0,0.0,0.0
1/5/09,0,0,0.0,0.0,0.0
1/6/09,0,0,0.0,0.0,0.0
1/7/09,0,0,0.0,0.0,0.0
1/8/09,0,0,0.0,0.0,0.0
1/9/09,0,0,0.0,0.0,0.0
1/12/09,0,0,0.0,0.0,0.0
1/13/09,0,0,0.0,0.0,0.0
1/14/09,0,0,0.0,0.0,0.0
1/15/09,0,0,0.0,0.0,0.0
1/16/09,0,0,0.0,0.0,0.0
1/20/09,1,-1,1522.95,-687.05,835.9000000000001
1/21/09,1,-1,-562.5,185.0,-377.5
1/22/09,1,-1,-100.0,160.0,60.0
1/23/09,1,-1,362.5,-305.0,57.5
1/26/09,1,-1,425.0,-125.0,300.0
1/27/09,1,-1,1612.5,-910.0,702.5
1/28/09,1,-1,-1437.5,505.0,-932.5
1/29/09,1,-1,-1012.5,535.0,-477.5
1/30/09,1,-1,-62.5,-190.0,-252.5
2/2/09,1,-1,512.5,-380.0,132.5
2/3/09,1,-1,-87.5,-125.0,-212.5
2/4/09,1,-1,537.5,-410.0,127.5
2/5/09,1,-1,1362.5,-825.0,537.5
2/6/09,1,-1,-137.5,-0.0,-137.5
2/9/09,1,-1,-1900.0,865.0,-1035.0
2/10/09,1,-1,225.0,160.0,385.0
2/11/09,1,-1,200.0,-415.0,-215.0
2/12/09,1,-1,-775.0,320.0,-455.0
2/13/09,1,-1,-1725.0,935.0,-790.0
2/17/09,1,-1,-300.0,50.0,-250.0
2/18/09,1,-1,0.0,190.0,190.0
2/19/09,1,-1,-500.0,-25.0,-525.0
2/20/09,1,-1,-1225.0,720.0,-505.0
2/23/09,1,-1,1187.5,-555.0,632.5
2/24/09,1,-1,-362.5,190.0,-172.5
2/25/09,1,-1,-475.0,435.0,-40.0
2/26/09,1,-1,-887.5,305.0,-582.5
2/27/09,1,-1,-1437.5,620.0,-817.5
3/2/09,1,-1,-800.0,280.0,-520.0
3/3/09,1,-1,950.0,-580.0,370.0
3/4/09,1,-1,-1125.0,360.0,-765.0
3/5/09,1,-1,87.5,130.0,217.5
3/6/09,1,-1,-587.5,590.0,2.5
3/9/09,1,-1,2000.0,-1180.0,820.0
3/10/09,1,-1,225.0,-380.0,-155.0
3/11/09,1,-1,1550.0,-790.0,760.0
3/12/09,1,-1,312.5,-100.0,212.5
3/13/09,1,-1,-25.0,315.0,290.0
3/16/09,1,-1,1075.0,-750.0,325.0
3/17/09,1,-1,812.5,-450.0,362.5
3/18/09,1,-1,-575.0,185.0,-390.0
3/19/09,1,-1,-800.0,310.0,-490.0
3/20/09,1,-1,2662.5,-1280.0,1382.5
3/23/09,1,-1,-687.5,315.0,-372.5
3/24/09,1,-1,237.5,55.0,292.5
3/25/09,1,-1,950.0,-790.0,160.0
3/26/09,1,-1,-562.5,340.0,-222.5
3/27/09,1,-1,-1587.5,665.0,-922.5
3/30/09,1,-1,525.0,-295.0,230.0
3/31/09,1,-1,725.0,-270.0,455.0
4/1/09,1,-1,1312.5,-1010.0,302.5
4/2/09,1,-1,250.0,-295.0,-45.0
4/3/09,1,-1,-500.0,85.0,-415.0
4/6/09,1,-1,-825.0,625.0,-200.0
4/7/09,1,-1,425.0,-355.0,70.0
4/8/09,1,-1,1500.0,-750.0,750.0
4/9/09,1,-1,75.0,80.0,155.0
4/13/09,1,-1,-687.5,160.0,-527.5
4/14/09,1,-1,412.5,140.0,552.5
4/15/09,1,-1,650.0,-700.0,-50.0
4/16/09,1,-1,262.5,-0.0,262.5
4/17/09,1,-1,-1687.5,770.0,-917.5
4/20/09,1,-1,737.5,-290.0,447.5
4/21/09,1,-1,-537.5,90.0,-447.5
4/22/09,1,-1,587.5,-370.0,217.5
4/23/09,1,-1,887.5,-660.0,227.5
4/24/09,1,-1,-487.5,35.0,-452.5
4/27/09,1,-1,-250.0,255.0,5.0
4/28/09,1,-1,862.5,-345.0,517.5
4/29/09,1,-1,50.0,-315.0,-265.0
4/30/09,1,-1,300.0,-100.0,200.0
5/1/09,1,-1,1337.5,-480.0,857.5
5/4/09,1,-1,37.5,-95.0,-57.5
5/5/09,1,-1,687.5,-50.0,637.5
5/6/09,1,-1,-512.5,705.0,192.5
5/7/09,0,0,-14.549999999999999,-7.049999999999999,-21.599999999999998
5/8/09,0,0,0.0,0.0,0.0
5/11/09,0,0,0.0,0.0,0.0
5/12/09,0,0,0.0,0.0,0.0
5/13/09,0,0,0.0,0.0,0.0
5/14/09,0,0,0.0,0.0,0.0
5/15/09,0,0,0.0,0.0,0.0
5/18/09,0,0,0.0,0.0,0.0
5/19/09,0,0,0.0,0.0,0.0
5/20/09,0,0,0.0,0.0,0.0
5/21/09,0,0,0.0,0.0,0.0
5/22/09,0,0,0.0,0.0,0.0
5/26/09,0,0,0.0,0.0,0.0
5/27/09,0,0,0.0,0.0,0.0
5/28/09,0,0,0.0,0.0,0.0
5/29/09,0,0,0.0,0.0,0.0
6/1/09,0,0,0.0,0.0,0.0
6/2/09,0,0,0.0,0.0,0.0
6/3/09,0,0,0.0,0.0,0.0
6/4/09,0,0,0.0,0.0,0.0
6/5/09,0,0,0.0,0.0,0.0
6/8/09,0,0,0.0,0.0,0.0
6/9/09,0,0,0.0,0.0,0.0
6/10/09,0,0,0.0,0.0,0.0
6/11/09,0,0,0.0,0.0,0.0
6/12/09,0,0,0.0,0.0,0.0
6/15/09,0,0,0.0,0.0,0.0
6/16/09,0,0,0.0,0.0,0.0
6/17/09,0,0,0.0,0.0,0.0
6/18/09,0,0,0.0,0.0,0.0
6/19/09,0,0,0.0,0.0,0.0
6/22/09,0,0,0.0,0.0,0.0
6/23/09,0,0,0.0,0.0,0.0
6/24/09,0,0,0.0,0.0,0.0
6/25/09,0,0,0.0,0.0,0.0
6/26/09,0,0,0.0,0.0,0.0
6/29/09,0,0,0.0,0.0,0.0
6/30/09,0,0,0.0,0.0,0.0
7/1/09,0,0,0.0,0.0,0.0
7/2/09,0,0,0.0,0.0,0.0
7/6/09,0,0,0.0,0.0,0.0
7/7/09,0,0,0.0,0.0,0.0
7/8/09,0,0,0.0,0.0,0.0
7/9/09,0,0,0.0,0.0,0.0
7/10/09,0,0,0.0,0.0,0.0
7/13/09,0,0,0.0,0.0,0.0
7/14/09,0,0,0.0,0.0,0.0
7/15/09,0,0,0.0,0.0,0.0
7/16/09,0,0,0.0,0.0,0.0
7/17/09,0,0,0.0,0.0,0.0
7/20/09,0,0,0.0,0.0,0.0
7/21/09,0,0,0.0,0.0,0.0
7/22/09,0,0,0.0,0.0,0.0
7/23/09,0,0,0.0,0.0,0.0
7/24/09,0,0,0.0,0.0,0.0
7/27/09,0,0,0.0,0.0,0.0
7/28/09,0,0,0.0,0.0,0.0
7/29/09,0,0,0.0,0.0,0.0
7/30/09,0,0,0.0,0.0,0.0
7/31/09,0,0,0.0,0.0,0.0
8/3/09,0,0,0.0,0.0,0.0
8/4/09,0,0,0.0,0.0,0.0
8/5/09,0,0,0.0,0.0,0.0
8/6/09,0,0,0.0,0.0,0.0
8/7/09,0,0,0.0,0.0,0.0
8/10/09,0,0,0.0,0.0,0.0
8/11/09,0,0,0.0,0.0,0.0
8/12/09,0,0,0.0,0.0,0.0
8/13/09,0,0,0.0,0.0,0.0
8/14/09,0,0,0.0,0.0,0.0
8/17/09,0,0,0.0,0.0,0.0
8/18/09,0,0,0.0,0.0,0.0
8/19/09,0,0,0.0,0.0,0.0
8/20/09,0,0,0.0,0.0,0.0
8/21/09,0,0,0.0,0.0,0.0
8/24/09,0,0,0.0,0.0,0.0
8/25/09,0,0,0.0,0.0,0.0
8/26/09,0,0,0.0,0.0,0.0
8/27/09,0,0,0.0,0.0,0.0
8/28/09,0,0,0.0,0.0,0.0
8/31/09,0,0,0.0,0.0,0.0
9/1/09,0,0,0.0,0.0,0.0
9/2/09,0,0,0.0,0.0,0.0
9/3/09,0,0,0.0,0.0,0.0
9/4/09,0,0,0.0,0.0,0.0
9/8/09,0,0,0.0,0.0,0.0
9/9/09,0,0,0.0,0.0,0.0
9/10/09,0,0,0.0,0.0,0.0
9/11/09,0,0,0.0,0.0,0.0
9/14/09,0,0,0.0,0.0,0.0
9/15/09,0,0,0.0,0.0,0.0
9/16/09,0,0,0.0,0.0,0.0
9/17/09,0,0,0.0,0.0,0.0
9/18/09,0,0,0.0,0.0,0.0
9/21/09,0,0,0.0,0.0,0.0
9/22/09,0,0,0.0,0.0,0.0
9/23/09,0,0,0.0,0.0,0.0
9/24/09,0,0,0.0,0.0,0.0
9/25/09,0,0,0.0,0.0,0.0
9/28/09,0,0,0.0,0.0,0.0
9/29/09,0,0,0.0,0.0,0.0
9/30/09,0,0,0.0,0.0,0.0
10/1/09,0,0,0.0,0.0,0.0
10/2/09,0,0,0.0,0.0,0.0
10/5/09,0,0,0.0,0.0,0.0
10/6/09,0,0,0.0,0.0,0.0
10/7/09,0,0,0.0,0.0,0.0
10/8/09,0,0,0.0,0.0,0.0
10/9/09,0,0,0.0,0.0,0.0
10/12/09,0,0,0.0,0.0,0.0
10/13/09,0,0,0.0,0.0,0.0
10/14/09,0,0,0.0,0.0,0.0
10/15/09,0,0,0.0,0.0,0.0
10/16/09,0,0,0.0,0.0,0.0
10/19/09,0,0,0.0,0.0,0.0
10/20/09,0,0,0.0,0.0,0.0
10/21/09,0,0,0.0,0.0,0.0
10/22/09,0,0,0.0,0.0,0.0
10/23/09,0,0,0.0,0.0,0.0
10/26/09,0,0,0.0,0.0,0.0
10/27/09,0,0,0.0,0.0,0.0
10/28/09,0,0,0.0,0.0,0.0
10/29/09,0,0,0.0,0.0,0.0
10/30/09,0,0,0.0,0.0,0.0
11/2/09,0,0,0.0,0.0,0.0
11/3/09,0,0,0.0,0.0,0.0
11/4/09,0,0,0.0,0.0,0.0
11/5/09,0,0,0.0,0.0,0.0
11/6/09,0,0,0.0,0.0,0.0
11/9/09,0,0,0.0,0.0,0.0
11/10/09,0,0,0.0,0.0,0.0
11/11/09,0,0,0.0,0.0,0.0
11/12/09,0,0,0.0,0.0,0.0
11/13/09,0,0,0.0,0.0,0.0
11/16/09,0,0,0.0,0.0,0.0
11/17/09,0,0,0.0,0.0,0.0
11/18/09,0,0,0.0,0.0,0.0
11/19/09,0,0,0.0,0.0,0.0
11/20/09,0,0,0.0,0.0,0.0
11/23/09,0,0,0.0,0.0,0.0
11/24/09,0,0,0.0,0.0,0.0
11/25/09,0,0,0.0,0.0,0.0
11/27/09,0,0,0.0,0.0,0.0
11/30/09,0,0,0.0,0.0,0.0
12/1/09,0,0,0.0,0.0,0.0
12/2/09,0,0,0.0,0.0,0.0
12/3/09,0,0,0.0,0.0,0.0
12/4/09,0,0,0.0,0.0,0.0
12/7/09,0,0,0.0,0.0,0.0
12/8/09,0,0,0.0,0.0,0.0
12/9/09,0,0,0.0,0.0,0.0
12/10/09,0,0,0.0,0.0,0.0
12/11/09,0,0,0.0,0.0,0.0
12/14/09,0,0,0.0,0.0,0.0
12/15/09,0,0,0.0,0.0,0.0
12/16/09,0,0,0.0,0.0,0.0
12/17/09,0,0,0.0,0.0,0.0
12/18/09,0,0,0.0,0.0,0.0
12/21/09,0,0,0.0,0.0,0.0
12/22/09,0,0,0.0,0.0,0.0
12/23/09,0,0,0.0,0.0,0.0
12/24/09,0,0,0.0,0.0,0.0
12/28/09,0,0,0.0,0.0,0.0
12/29/09,0,0,0.0,0.0,0.0
12/30/09,0,0,0.0,0.0,0.0
12/31/09,0,0,0.0,0.0,0.0
1/4/10,0,0,0.0,0.0,0.0
1/5/10,0,0,0.0,0.0,0.0
1/6/10,0,0,0.0,0.0,0.0
1/7/10,0,0,0.0,0.0,0.0
1/8/10,0,0,0.0,0.0,0.0
1/11/10,0,0,0.0,0.0,0.0
1/12/10,0,0,0.0,0.0,0.0
1/13/10,0,0,0.0,0.0,0.0
1/14/10,0,0,0.0,0.0,0.0
1/15/10,0,0,0.0,0.0,0.0
1/19/10,0,0,0.0,0.0,0.0
1/20/10,0,0,0.0,0.0,0.0
1/21/10,0,0,0.0,0.0,0.0
1/22/10,0,0,0.0,0.0,0.0
1/25/10,0,0,0.0,0.0,0.0
1/26/10,0,0,0.0,0.0,0.0
1/27/10,0,0,0.0,0.0,0.0
1/28/10,0,0,0.0,0.0,0.0
1/29/10,0,0,0.0,0.0,0.0
2/1/10,0,0,0.0,0.0,0.0
2/2/10,0,0,0.0,0.0,0.0
2/3/10,0,0,0.0,0.0,0.0
2/4/10,0,0,0.0,0.0,0.0
2/5/10,0,0,0.0,0.0,0.0
2/8/10,0,0,0.0,0.0,0.0
2/9/10,0,0,0.0,0.0,0.0
2/10/10,0,0,0.0,0.0,0.0
2/11/10,0,0,0.0,0.0,0.0
2/12/10,0,0,0.0,0.0,0.0
2/16/10,0,0,0.0,0.0,0.0
2/17/10,0,0,0.0,0.0,0.0
2/18/10,0,0,0.0,0.0,0.0
2/19/10,0,0,0.0,0.0,0.0
2/22/10,0,0,0.0,0.0,0.0
2/23/10,0,0,0.0,0.0,0.0
2/24/10,0,0,0.0,0.0,0.0
2/25/10,0,0,0.0,0.0,0.0
2/26/10,0,0,0.0,0.0,0.0
3/1/10,0,0,0.0,0.0,0.0
3/2/10,0,0,0.0,0.0,0.0
3/3/10,0,0,0.0,0.0,0.0
3/4/10,0,0,0.0,0.0,0.0
3/5/10,0,0,0.0,0.0,0.0
3/8/10,0,0,0.0,0.0,0.0
3/9/10,0,0,0.0,0.0,0.0
3/10/10,0,0,0.0,0.0,0.0
3/11/10,0,0,0.0,0.0,0.0
3/12/10,0,0,0.0,0.0,0.0
3/15/10,0,0,0.0,0.0,0.0
3/16/10,0,0,0.0,0.0,0.0
3/17/10,0,0,0.0,0.0,0.0
3/18/10,0,0,0.0,0.0,0.0
3/19/10,0,0,0.0,0.0,0.0
3/22/10,0,0,0.0,0.0,0.0
3/23/10,0,0,0.0,0.0,0.0
3/24/10,0,0,0.0,0.0,0.0
3/25/10,0,0,0.0,0.0,0.0
3/26/10,0,0,0.0,0.0,0.0
3/29/10,0,0,0.0,0.0,0.0
3/30/10,0,0,0.0,0.0,0.0
3/31/10,0,0,0.0,0.0,0.0
4/1/10,0,0,0.0,0.0,0.0
4/5/10,0,0,0.0,0.0,0.0
4/6/10,0,0,0.0,0.0,0.0
4/7/10,0,0,0.0,0.0,0.0
4/8/10,0,0,0.0,0.0,0.0
4/9/10,0,0,0.0,0.0,0.0
4/12/10,0,0,0.0,0.0,0.0
4/13/10,0,0,0.0,0.0,0.0
4/14/10,0,0,0.0,0.0,0.0
4/15/10,0,0,0.0,0.0,0.0
4/16/10,0,0,0.0,0.0,0.0
4/19/10,0,0,0.0,0.0,0.0
4/20/10,0,0,0.0,0.0,0.0
4/21/10,0,0,0.0,0.0,0.0
4/22/10,0,0,0.0,0.0,0.0
4/23/10,0,0,0.0,0.0,0.0
4/26/10,0,0,0.0,0.0,0.0
4/27/10,0,0,0.0,0.0,0.0
4/28/10,0,0,0.0,0.0,0.0
4/29/10,0,0,0.0,0.0,0.0
4/30/10,0,0,0.0,0.0,0.0
5/3/10,0,0,0.0,0.0,0.0
5/4/10,0,0,0.0,0.0,0.0
5/5/10,0,0,0.0,0.0,0.0
5/6/10,0,0,0.0,0.0,0.0
5/7/10,0,0,0.0,0.0,0.0
5/10/10,0,0,0.0,0.0,0.0
5/11/10,0,0,0.0,0.0,0.0
5/12/10,0,0,0.0,0.0,0.0
5/13/10,0,0,0.0,0.0,0.0
5/14/10,0,0,0.0,0.0,0.0
5/17/10,0,0,0.0,0.0,0.0
5/18/10,0,0,0.0,0.0,0.0
5/19/10,0,0,0.0,0.0,0.0
5/20/10,0,0,0.0,0.0,0.0
5/21/10,0,0,0.0,0.0,0.0
5/24/10,0,0,0.0,0.0,0.0
5/25/10,0,0,0.0,0.0,0.0
5/26/10,0,0,0.0,0.0,0.0
5/27/10,0,0,0.0,0.0,0.0
5/28/10,0,0,0.0,0.0,0.0
6/1/10,1,-1,1360.45,-967.05,393.4000000000001
6/2/10,1,-1,325.0,-375.0,-50.0
6/3/10,1,-1,-1875.0,1270.0,-605.0
6/4/10,1,-1,-900.0,770.0,-130.0
6/7/10,1,-1,562.5,85.0,647.5
6/8/10,1,-1,-187.5,185.0,-2.5
6/9/10,1,-1,1412.5,-805.0,607.5
6/10/10,0,0,-14.549999999999999,-7.049999999999999,-21.599999999999998
6/11/10,0,0,0.0,0.0,0.0
6/14/10,0,0,0.0,0.0,0.0
6/15/10,0,0,0.0,0.0,0.0
6/16/10,0,0,0.0,0.0,0.0
6/17/10,0,0,0.0,0.0,0.0
6/18/10,0,0,0.0,0.0,0.0
6/21/10,0,0,0.0,0.0,0.0
6/22/10,0,0,0.0,0.0,0.0
6/23/10,0,0,0.0,0.0,0.0
6/24/10,1,-1,197.95,197.95,395.9
6/25/10,1,-1,-187.5,65.0,-122.5
6/28/10,1,-1,-1787.5,1450.0,-337.5
6/29/10,1,-1,-437.5,510.0,72.5
6/30/10,1,-1,-237.5,200.0,-37.5
7/1/10,1,-1,-375.0,135.0,-240.0
7/2/10,1,-1,500.0,-265.0,235.0
7/6/10,1,-1,1750.0,-1100.0,650.0
7/7/10,1,-1,387.5,-170.0,217.5
7/8/10,0,0,-14.549999999999999,-7.049999999999999,-21.599999999999998
7/9/10,0,0,0.0,0.0,0.0
7/12/10,0,0,0.0,0.0,0.0
7/13/10,0,0,0.0,0.0,0.0
7/14/10,0,0,0.0,0.0,0.0
7/15/10,0,0,0.0,0.0,0.0
7/16/10,0,0,0.0,0.0,0.0
7/19/10,0,0,0.0,0.0,0.0
7/20/10,0,0,0.0,0.0,0.0
7/21/10,0,0,0.0,0.0,0.0
7/22/10,0,0,0.0,0.0,0.0
7/23/10,0,0,0.0,0.0,0.0
7/26/10,0,0,0.0,0.0,0.0
7/27/10,0,0,0.0,0.0,0.0
7/28/10,0,0,0.0,0.0,0.0
7/29/10,0,0,0.0,0.0,0.0
7/30/10,0,0,0.0,0.0,0.0
8/2/10,0,0,0.0,0.0,0.0
8/3/10,0,0,0.0,0.0,0.0
8/4/10,0,0,0.0,0.0,0.0
8/5/10,0,0,0.0,0.0,0.0
8/6/10,0,0,0.0,0.0,0.0
8/9/10,0,0,0.0,0.0,0.0
8/10/10,0,0,0.0,0.0,0.0
8/11/10,0,0,0.0,0.0,0.0
8/12/10,0,0,0.0,0.0,0.0
8/13/10,0,0,0.0,0.0,0.0
8/16/10,0,0,0.0,0.0,0.0
8/17/10,0,0,0.0,0.0,0.0
8/18/10,0,0,0.0,0.0,0.0
8/19/10,0,0,0.0,0.0,0.0
8/20/10,0,0,0.0,0.0,0.0
8/23/10,0,0,0.0,0.0,0.0
8/24/10,0,0,0.0,0.0,0.0
8/25/10,0,0,0.0,0.0,0.0
8/26/10,0,0,0.0,0.0,0.0
8/27/10,0,0,0.0,0.0,0.0
8/30/10,0,0,0.0,0.0,0.0
8/31/10,0,0,0.0,0.0,0.0
9/1/10,0,0,0.0,0.0,0.0
9/2/10,0,0,0.0,0.0,0.0
9/3/10,0,0,0.0,0.0,0.0
9/7/10,0,0,0.0,0.0,0.0
9/8/10,0,0,0.0,0.0,0.0
9/9/10,0,0,0.0,0.0,0.0
9/10/10,0,0,0.0,0.0,0.0
9/13/10,0,0,0.0,0.0,0.0
9/14/10,0,0,0.0,0.0,0.0
9/15/10,0,0,0.0,0.0,0.0
9/16/10,0,0,0.0,0.0,0.0
9/17/10,1,-1,822.95,-587.05,235.9000000000001
9/20/10,1,-1,-87.5,-75.0,-162.5
9/21/10,1,-1,-250.0,120.0,-130.0
9/22/10,1,-1,-462.5,-40.0,-502.5
9/23/10,1,-1,1137.5,-735.0,402.5
9/24/10,1,-1,-275.0,220.0,-55.0
9/27/10,1,-1,200.0,-25.0,175.0
9/28/10,1,-1,-37.5,-10.0,-47.5
9/29/10,1,-1,-212.5,270.0,57.5
9/30/10,1,-1,275.0,20.0,295.0
10/1/10,1,-1,-375.0,350.0,-25.0
10/4/10,1,-1,1000.0,-830.0,170.0
10/5/10,1,-1,50.0,285.0,335.0
10/6/10,1,-1,37.5,-195.0,-157.5
10/7/10,1,-1,200.0,-135.0,65.0
10/8/10,1,-1,87.5,-95.0,-7.5
10/11/10,1,-1,112.5,-230.0,-117.5
10/12/10,1,-1,487.5,-380.0,107.5
10/13/10,1,-1,-37.5,-120.0,-157.5
10/14/10,1,-1,75.0,-660.0,-585.0
10/15/10,1,-1,162.5,10.0,172.5
10/18/10,1,-1,-725.0,540.0,-185.0
10/19/10,1,-1,550.0,-325.0,225.0
10/20/10,1,-1,50.0,75.0,125.0
10/21/10,1,-1,250.0,-480.0,-230.0
10/22/10,1,-1,100.0,-90.0,10.0
10/25/10,1,-1,0.0,-150.0,-150.0
10/26/10,1,-1,-200.0,-155.0,-355.0
10/27/10,1,-1,25.0,-40.0,-15.0
10/28/10,1,-1,25.0,75.0,100.0
10/29/10,1,-1,162.5,-140.0,22.5
11/1/10,1,-1,487.5,-425.0,62.5
11/2/10,1,-1,225.0,-280.0,-55.0
11/3/10,1,-1,1062.5,-405.0,657.5
11/4/10,1,-1,175.0,-5.0,170.0
11/5/10,1,-1,-100.0,15.0,-85.0
11/8/10,1,-1,-450.0,155.0,-295.0
11/9/10,1,-1,150.0,35.0,185.0
11/10/10,1,-1,-150.0,40.0,-110.0
11/11/10,1,-1,-775.0,775.0,0.0
11/12/10,1,-1,12.5,115.0,127.5
11/15/10,1,-1,-1050.0,745.0,-305.0
11/16/10,1,-1,137.5,-125.0,12.5
11/17/10,1,-1,1012.5,-745.0,267.5
11/18/10,1,-1,25.0,15.0,40.0
11/19/10,1,-1,-12.5,-420.0,-432.5
11/22/10,1,-1,-987.5,710.0,-277.5
11/23/10,1,-1,912.5,-780.0,132.5
11/24/10,1,-1,-662.5,240.0,-422.5
11/26/10,1,-1,162.5,10.0,172.5
11/29/10,1,-1,-350.0,570.0,220.0
11/30/10,1,-1,1250.0,-830.0,420.0
12/1/10,1,-1,912.5,-570.0,342.5
12/2/10,1,-1,37.5,-5.0,32.5
12/3/10,1,-1,-75.0,-65.0,-140.0
12/6/10,1,-1,62.5,10.0,72.5
12/7/10,1,-1,275.0,-210.0,65.0
12/8/10,1,-1,212.5,-15.0,197.5
12/9/10,1,-1,400.0,-305.0,95.0
12/10/10,1,-1,12.5,95.0,107.5
12/13/10,0,0,-14.549999999999999,-7.049999999999999,-21.599999999999998
12/14/10,0,0,0.0,0.0,0.0
12/15/10,0,0,0.0,0.0,0.0
12/16/10,0,0,0.0,0.0,0.0
12/17/10,0,0,0.0,0.0,0.0
12/20/10,0,0,0.0,0.0,0.0
12/21/10,0,0,0.0,0.0,0.0
12/22/10,0,0,0.0,0.0,0.0
12/23/10,0,0,0.0,0.0,0.0
12/27/10,0,0,0.0,0.0,0.0
12/28/10,0,0,0.0,0.0,0.0
12/29/10,0,0,0.0,0.0,0.0
12/30/10,0,0,0.0,0.0,0.0
12/31/10,0,0,0.0,0.0,0.0
1/3/11,0,0,0.0,0.0,0.0
1/4/11,0,0,0.0,0.0,0.0
1/5/11,0,0,0.0,0.0,0.0
1/6/11,0,0,0.0,0.0,0.0
1/7/11,0,0,0.0,0.0,0.0
1/10/11,0,0,0.0,0.0,0.0
1/11/11,0,0,0.0,0.0,0.0
1/12/11,0,0,0.0,0.0,0.0
1/13/11,0,0,0.0,0.0,0.0
1/14/11,0,0,0.0,0.0,0.0
1/18/11,0,0,0.0,0.0,0.0
1/19/11,0,0,0.0,0.0,0.0
1/20/11,0,0,0.0,0.0,0.0
1/21/11,0,0,0.0,0.0,0.0
1/24/11,0,0,0.0,0.0,0.0
1/25/11,0,0,0.0,0.0,0.0
1/26/11,0,0,0.0,0.0,0.0
1/27/11,0,0,0.0,0.0,0.0
1/28/11,0,0,0.0,0.0,0.0
1/31/11,0,0,0.0,0.0,0.0
2/1/11,0,0,0.0,0.0,0.0
2/2/11,0,0,0.0,0.0,0.0
2/3/11,0,0,0.0,0.0,0.0
2/4/11,0,0,0.0,0.0,0.0
2/7/11,0,0,0.0,0.0,0.0
2/8/11,0,0,0.0,0.0,0.0
2/9/11,0,0,0.0,0.0,0.0
2/10/11,0,0,0.0,0.0,0.0
2/11/11,0,0,0.0,0.0,0.0
2/14/11,0,0,0.0,0.0,0.0
2/15/11,0,0,0.0,0.0,0.0
2/16/11,0,0,0.0,0.0,0.0
2/17/11,0,0,0.0,0.0,0.0
2/18/11,0,0,0.0,0.0,0.0
2/22/11,0,0,0.0,0.0,0.0
2/23/11,0,0,0.0,0.0,0.0
2/24/11,0,0,0.0,0.0,0.0
2/25/11,0,0,0.0,0.0,0.0
2/28/11,0,0,0.0,0.0,0.0
3/1/11,0,0,0.0,0.0,0.0
3/2/11,0,0,0.0,0.0,0.0
3/3/11,0,0,0.0,0.0,0.0
3/4/11,0,0,0.0,0.0,0.0
3/7/11,0,0,0.0,0.0,0.0
3/8/11,0,0,0.0,0.0,0.0
3/9/11,0,0,0.0,0.0,0.0
3/10/11,0,0,0.0,0.0,0.0
3/11/11,0,0,0.0,0.0,0.0
3/14/11,0,0,0.0,0.0,0.0
3/15/11,0,0,0.0,0.0,0.0
3/16/11,0,0,0.0,0.0,0.0
3/17/11,0,0,0.0,0.0,0.0
3/18/11,0,0,0.0,0.0,0.0
3/21/11,0,0,0.0,0.0,0.0
3/22/11,0,0,0.0,0.0,0.0
3/23/11,0,0,0.0,0.0,0.0
3/24/11,0,0,0.0,0.0,0.0
3/25/11,0,0,0.0,0.0,0.0
3/28/11,0,0,0.0,0.0,0.0
3/29/11,0,0,0.0,0.0,0.0
3/30/11,0,0,0.0,0.0,0.0
3/31/11,0,0,0.0,0.0,0.0
4/1/11,0,0,0.0,0.0,0.0
4/4/11,0,0,0.0,0.0,0.0
4/5/11,0,0,0.0,0.0,0.0
4/6/11,0,0,0.0,0.0,0.0
4/7/11,0,0,0.0,0.0,0.0
4/8/11,0,0,0.0,0.0,0.0
4/11/11,0,0,0.0,0.0,0.0
4/12/11,0,0,0.0,0.0,0.0
4/13/11,0,0,0.0,0.0,0.0
4/14/11,0,0,0.0,0.0,0.0
4/15/11,0,0,0.0,0.0,0.0
4/18/11,0,0,0.0,0.0,0.0
4/19/11,0,0,0.0,0.0,0.0
4/20/11,0,0,0.0,0.0,0.0
4/21/11,0,0,0.0,0.0,0.0
4/25/11,0,0,0.0,0.0,0.0
4/26/11,0,0,0.0,0.0,0.0
4/27/11,0,0,0.0,0.0,0.0
4/28/11,0,0,0.0,0.0,0.0
4/29/11,0,0,0.0,0.0,0.0
5/2/11,0,0,0.0,0.0,0.0
5/3/11,0,0,0.0,0.0,0.0
5/4/11,0,0,0.0,0.0,0.0
5/5/11,0,0,0.0,0.0,0.0
5/6/11,0,0,0.0,0.0,0.0
5/9/11,0,0,0.0,0.0,0.0
5/10/11,0,0,0.0,0.0,0.0
5/11/11,0,0,0.0,0.0,0.0
5/12/11,0,0,0.0,0.0,0.0
5/13/11,0,0,0.0,0.0,0.0
5/16/11,0,0,0.0,0.0,0.0
5/17/11,0,0,0.0,0.0,0.0
5/18/11,0,0,0.0,0.0,0.0
5/19/11,0,0,0.0,0.0,0.0
5/20/11,0,0,0.0,0.0,0.0
5/23/11,0,0,0.0,0.0,0.0
5/24/11,0,0,0.0,0.0,0.0
5/25/11,0,0,0.0,0.0,0.0
5/26/11,0,0,0.0,0.0,0.0
5/27/11,0,0,0.0,0.0,0.0
5/31/11,0,0,0.0,0.0,0.0
6/1/11,0,0,0.0,0.0,0.0
6/2/11,0,0,0.0,0.0,0.0
6/3/11,0,0,0.0,0.0,0.0
6/6/11,0,0,0.0,0.0,0.0
6/7/11,0,0,0.0,0.0,0.0
6/8/11,0,0,0.0,0.0,0.0
6/9/11,0,0,0.0,0.0,0.0
6/10/11,0,0,0.0,0.0,0.0
6/13/11,0,0,0.0,0.0,0.0
6/14/11,0,0,0.0,0.0,0.0
6/15/11,0,0,0.0,0.0,0.0
6/16/11,0,0,0.0,0.0,0.0
6/17/11,-1,1,-402.05,187.95,-214.10000000000002
6/20/11,-1,1,-712.5,880.0,167.5
6/21/11,-1,1,412.5,-290.0,122.5
6/22/11,-1,1,137.5,160.0,297.5
6/23/11,-1,1,650.0,-595.0,55.0
6/24/11,-1,1,-612.5,825.0,212.5
6/27/11,0,0,-14.549999999999999,-7.049999999999999,-21.599999999999998
6/28/11,0,0,0.0,0.0,0.0
6/29/11,0,0,0.0,0.0,0.0
6/30/11,0,0,0.0,0.0,0.0
7/1/11,0,0,0.0,0.0,0.0
7/5/11,0,0,0.0,0.0,0.0
7/6/11,0,0,0.0,0.0,0.0
7/7/11,0,0,0.0,0.0,0.0
7/8/11,0,0,0.0,0.0,0.0
7/11/11,0,0,0.0,0.0,0.0
7/12/11,0,0,0.0,0.0,0.0
7/13/11,0,0,0.0,0.0,0.0
7/14/11,0,0,0.0,0.0,0.0
7/15/11,0,0,0.0,0.0,0.0
7/18/11,0,0,0.0,0.0,0.0
7/19/11,0,0,0.0,0.0,0.0
7/20/11,0,0,0.0,0.0,0.0
7/21/11,0,0,0.0,0.0,0.0
7/22/11,0,0,0.0,0.0,0.0
7/25/11,0,0,0.0,0.0,0.0
7/26/11,0,0,0.0,0.0,0.0
7/27/11,0,0,0.0,0.0,0.0
7/28/11,0,0,0.0,0.0,0.0
7/29/11,0,0,0.0,0.0,0.0
8/1/11,0,0,0.0,0.0,0.0
8/2/11,0,0,0.0,0.0,0.0
8/3/11,0,0,0.0,0.0,0.0
8/4/11,1,-1,-64.55,442.95,378.4
8/5/11,1,-1,-4325.0,2980.0,-1345.0
8/8/11,1,-1,3025.0,-2340.0,685.0
8/9/11,1,-1,-2412.5,1400.0,-1012.5
8/10/11,1,-1,2250.0,-1460.0,790.0
8/11/11,1,-1,412.5,-390.0,22.5
8/12/11,1,-1,1087.5,-580.0,507.5
8/15/11,1,-1,-312.5,150.0,-162.5
8/16/11,1,-1,-112.5,475.0,362.5
8/17/11,1,-1,-2325.0,1865.0,-460.0
8/18/11,1,-1,-975.0,820.0,-155.0
8/19/11,1,-1,-37.5,-60.0,-97.5
8/22/11,1,-1,1762.5,-1600.0,162.5
8/23/11,1,-1,675.0,-300.0,375.0
8/24/11,1,-1,-725.0,560.0,-165.0
8/25/11,1,-1,925.0,-1060.0,-135.0
8/26/11,1,-1,1600.0,-1120.0,480.0
8/29/11,1,-1,-162.5,-140.0,-302.5
8/30/11,1,-1,650.0,-275.0,375.0
8/31/11,1,-1,-825.0,470.0,-355.0
9/1/11,1,-1,-1600.0,1050.0,-550.0
9/2/11,1,-1,-237.5,-10.0,-247.5
9/6/11,1,-1,1725.0,-1135.0,590.0
9/7/11,1,-1,-662.5,105.0,-557.5
9/8/11,1,-1,-1387.5,955.0,-432.5
9/9/11,1,-1,262.5,-520.0,-257.5
9/12/11,1,-1,412.5,-515.0,-102.5
9/13/11,1,-1,850.0,-625.0,225.0
9/14/11,1,-1,1100.0,-760.0,340.0
9/15/11,1,-1,375.0,-465.0,-90.0
9/16/11,1,-1,-700.0,125.0,-575.0
9/19/11,1,-1,-87.5,90.0,2.5
9/20/11,1,-1,-2012.5,1020.0,-992.5
9/21/11,1,-1,-1612.5,1420.0,-192.5
9/22/11,1,-1,312.5,-550.0,-237.5
9/23/11,1,-1,1437.5,-480.0,957.5
9/26/11,1,-1,550.0,-560.0,-10.0
9/27/11,1,-1,-1037.5,710.0,-327.5
9/28/11,1,-1,375.0,580.0,955.0
9/29/11,1,-1,-1512.5,1100.0,-412.5
9/30/11,1,-1,-1987.5,1385.0,-602.5
10/3/11,1,-1,1362.5,-965.0,397.5
10/4/11,1,-1,1075.0,-1080.0,-5.0
10/5/11,1,-1,1125.0,-745.0,380.0
10/6/11,1,-1,-125.0,60.0,-65.0
10/7/11,1,-1,1800.0,-1500.0,300.0
10/10/11,1,-1,-75.0,-235.0,-310.0
10/11/11,1,-1,437.5,-160.0,277.5
10/12/11,1,-1,-12.5,-590.0,-602.5
10/13/11,1,-1,1062.5,-825.0,237.5
10/14/11,1,-1,-1262.5,925.0,-337.5
10/17/11,1,-1,1450.0,-855.0,595.0
10/18/11,1,-1,-825.0,915.0,90.0
10/19/11,1,-1,175.0,340.0,515.0
10/20/11,1,-1,1262.5,-665.0,597.5
10/21/11,1,-1,587.5,-810.0,-222.5
10/24/11,1,-1,-1125.0,1060.0,-65.0
10/25/11,1,-1,650.0,-95.0,555.0
10/26/11,1,-1,2250.0,-1345.0,905.0
10/27/11,0,0,-14.549999999999999,-7.049999999999999,-21.599999999999998
10/28/11,0,0,0.0,0.0,0.0
10/31/11,0,0,0.0,0.0,0.0
11/1/11,0,0,0.0,0.0,0.0
11/2/11,0,0,0.0,0.0,0.0
11/3/11,0,0,0.0,0.0,0.0
11/4/11,0,0,0.0,0.0,0.0
11/7/11,0,0,0.0,0.0,0.0
11/8/11,0,0,0.0,0.0,0.0
11/9/11,0,0,0.0,0.0,0.0
11/10/11,0,0,0.0,0.0,0.0
11/11/11,0,0,0.0,0.0,0.0
11/14/11,0,0,0.0,0.0,0.0
11/15/11,0,0,0.0,0.0,0.0
11/16/11,0,0,0.0,0.0,0.0
11/17/11,0,0,0.0,0.0,0.0
11/18/11,0,0,0.0,0.0,0.0
11/21/11,0,0,0.0,0.0,0.0
11/22/11,0,0,0.0,0.0,0.0
11/23/11,0,0,0.0,0.0,0.0
11/25/11,0,0,0.0,0.0,0.0
11/28/11,0,0,0.0,0.0,0.0
11/29/11,0,0,0.0,0.0,0.0
11/30/11,0,0,0.0,0.0,0.0
12/1/11,0,0,0.0,0.0,0.0
12/2/11,0,0,0.0,0.0,0.0
12/5/11,0,0,0.0,0.0,0.0
12/6/11,0,0,0.0,0.0,0.0
12/7/11,0,0,0.0,0.0,0.0
12/8/11,0,0,0.0,0.0,0.0
12/9/11,0,0,0.0,0.0,0.0
12/12/11,0,0,0.0,0.0,0.0
12/13/11,0,0,0.0,0.0,0.0
12/14/11,0,0,0.0,0.0,0.0
12/15/11,0,0,0.0,0.0,0.0
12/16/11,0,0,0.0,0.0,0.0
12/19/11,0,0,0.0,0.0,0.0
12/20/11,0,0,0.0,0.0,0.0
12/21/11,0,0,0.0,0.0,0.0
12/22/11,0,0,0.0,0.0,0.0
12/23/11,0,0,0.0,0.0,0.0
12/27/11,0,0,0.0,0.0,0.0
12/28/11,0,0,0.0,0.0,0.0
12/29/11,0,0,0.0,0.0,0.0
12/30/11,0,0,0.0,0.0,0.0
1/3/12,0,0,0.0,0.0,0.0
1/4/12,0,0,0.0,0.0,0.0
1/5/12,0,0,0.0,0.0,0.0
1/6/12,0,0,0.0,0.0,0.0
1/9/12,0,0,0.0,0.0,0.0
1/10/12,0,0,0.0,0.0,0.0
1/11/12,0,0,0.0,0.0,0.0
1/12/12,0,0,0.0,0.0,0.0
1/13/12,0,0,0.0,0.0,0.0
1/17/12,0,0,0.0,0.0,0.0
1/18/12,0,0,0.0,0.0,0.0
1/19/12,0,0,0.0,0.0,0.0
1/20/12,0,0,0.0,0.0,0.0
1/23/12,0,0,0.0,0.0,0.0
1/24/12,0,0,0.0,0.0,0.0
1/25/12,0,0,0.0,0.0,0.0
1/26/12,0,0,0.0,0.0,0.0
1/27/12,0,0,0.0,0.0,0.0
1/30/12,0,0,0.0,0.0,0.0
1/31/12,0,0,0.0,0.0,0.0
2/1/12,0,0,0.0,0.0,0.0
2/2/12,0,0,0.0,0.0,0.0
2/3/12,0,0,0.0,0.0,0.0
2/6/12,0,0,0.0,0.0,0.0
2/7/12,0,0,0.0,0.0,0.0
2/8/12,0,0,0.0,0.0,0.0
2/9/12,0,0,0.0,0.0,0.0
2/10/12,0,0,0.0,0.0,0.0
2/13/12,0,0,0.0,0.0,0.0
2/14/12,0,0,0.0,0.0,0.0
2/15/12,0,0,0.0,0.0,0.0
2/16/12,0,0,0.0,0.0,0.0
2/17/12,0,0,0.0,0.0,0.0
2/21/12,0,0,0.0,0.0,0.0
2/22/12,0,0,0.0,0.0,0.0
2/23/12,0,0,0.0,0.0,0.0
2/24/12,0,0,0.0,0.0,0.0
2/27/12,0,0,0.0,0.0,0.0
2/28/12,0,0,0.0,0.0,0.0
2/29/12,0,0,0.0,0.0,0.0
3/1/12,0,0,0.0,0.0,0.0
3/2/12,0,0,0.0,0.0,0.0
3/5/12,0,0,0.0,0.0,0.0
3/6/12,0,0,0.0,0.0,0.0
3/7/12,0,0,0.0,0.0,0.0
3/8/12,0,0,0.0,0.0,0.0
3/9/12,0,0,0.0,0.0,0.0
3/12/12,0,0,0.0,0.0,0.0
3/13/12,0,0,0.0,0.0,0.0
3/14/12,0,0,0.0,0.0,0.0
3/15/12,0,0,0.0,0.0,0.0
3/16/12,0,0,0.0,0.0,0.0
3/19/12,0,0,0.0,0.0,0.0
3/20/12,0,0,0.0,0.0,0.0
3/21/12,0,0,0.0,0.0,0.0
3/22/12,0,0,0.0,0.0,0.0
3/23/12,0,0,0.0,0.0,0.0
3/26/12,0,0,0.0,0.0,0.0
3/27/12,0,0,0.0,0.0,0.0
3/28/12,0,0,0.0,0.0,0.0
3/29/12,0,0,0.0,0.0,0.0
3/30/12,0,0,0.0,0.0,0.0
4/2/12,0,0,0.0,0.0,0.0
4/3/12,0,0,0.0,0.0,0.0
4/4/12,0,0,0.0,0.0,0.0
4/5/12,0,0,0.0,0.0,0.0
4/6/12,0,0,0.0,0.0,0.0
4/9/12,0,0,0.0,0.0,0.0
4/10/12,0,0,0.0,0.0,0.0
4/11/12,0,0,0.0,0.0,0.0
4/12/12,0,0,0.0,0.0,0.0
4/13/12,0,0,0.0,0.0,0.0
4/16/12,0,0,0.0,0.0,0.0
4/17/12,0,0,0.0,0.0,0.0
4/18/12,0,0,0.0,0.0,0.0
4/19/12,0,0,0.0,0.0,0.0
4/20/12,0,0,0.0,0.0,0.0
4/23/12,0,0,0.0,0.0,0.0
4/24/12,0,0,0.0,0.0,0.0
4/25/12,0,0,0.0,0.0,0.0
4/26/12,0,0,0.0,0.0,0.0
4/27/12,0,0,0.0,0.0,0.0
4/30/12,0,0,0.0,0.0,0.0
5/1/12,0,0,0.0,0.0,0.0
5/2/12,0,0,0.0,0.0,0.0
5/3/12,0,0,0.0,0.0,0.0
5/4/12,0,0,0.0,0.0,0.0
5/7/12,0,0,0.0,0.0,0.0
5/8/12,0,0,0.0,0.0,0.0
5/9/12,0,0,0.0,0.0,0.0
5/10/12,0,0,0.0,0.0,0.0
5/11/12,0,0,0.0,0.0,0.0
5/14/12,0,0,0.0,0.0,0.0
5/15/12,0,0,0.0,0.0,0.0
5/16/12,0,0,0.0,0.0,0.0
5/17/12,0,0,0.0,0.0,0.0
5/18/12,0,0,0.0,0.0,0.0
5/21/12,0,0,0.0,0.0,0.0
5/22/12,0,0,0.0,0.0,0.0
5/23/12,0,0,0.0,0.0,0.0
5/24/12,0,0,0.0,0.0,0.0
5/25/12,0,0,0.0,0.0,0.0
5/29/12,0,0,0.0,0.0,0.0
5/30/12,0,0,0.0,0.0,0.0
5/31/12,0,0,0.0,0.0,0.0
6/1/12,0,0,0.0,0.0,0.0
6/4/12,0,0,0.0,0.0,0.0
6/5/12,0,0,0.0,0.0,0.0
6/6/12,0,0,0.0,0.0,0.0
6/7/12,0,0,0.0,0.0,0.0
6/8/12,0,0,0.0,0.0,0.0
6/11/12,0,0,0.0,0.0,0.0
6/12/12,0,0,0.0,0.0,0.0
6/13/12,0,0,0.0,0.0,0.0
6/14/12,0,0,0.0,0.0,0.0
6/15/12,0,0,0.0,0.0,0.0
6/18/12,0,0,0.0,0.0,0.0
6/19/12,0,0,0.0,0.0,0.0
6/20/12,0,0,0.0,0.0,0.0
6/21/12,0,0,0.0,0.0,0.0
6/22/12,0,0,0.0,0.0,0.0
6/25/12,0,0,0.0,0.0,0.0
6/26/12,0,0,0.0,0.0,0.0
6/27/12,0,0,0.0,0.0,0.0
6/28/12,0,0,0.0,0.0,0.0
6/29/12,0,0,0.0,0.0,0.0
7/2/12,0,0,0.0,0.0,0.0
7/3/12,0,0,0.0,0.0,0.0
7/5/12,0,0,0.0,0.0,0.0
7/6/12,0,0,0.0,0.0,0.0
7/9/12,0,0,0.0,0.0,0.0
7/10/12,0,0,0.0,0.0,0.0
7/11/12,0,0,0.0,0.0,0.0
7/12/12,0,0,0.0,0.0,0.0
7/13/12,0,0,0.0,0.0,0.0
7/16/12,0,0,0.0,0.0,0.0
7/17/12,0,0,0.0,0.0,0.0
7/18/12,0,0,0.0,0.0,0.0
7/19/12,0,0,0.0,0.0,0.0
7/20/12,0,0,0.0,0.0,0.0
7/23/12,0,0,0.0,0.0,0.0
7/24/12,0,0,0.0,0.0,0.0
7/25/12,0,0,0.0,0.0,0.0
7/26/12,0,0,0.0,0.0,0.0
7/27/12,0,0,0.0,0.0,0.0
7/30/12,0,0,0.0,0.0,0.0
7/31/12,0,0,0.0,0.0,0.0
8/1/12,0,0,0.0,0.0,0.0
8/2/12,0,0,0.0,0.0,0.0
8/3/12,0,0,0.0,0.0,0.0
8/6/12,0,0,0.0,0.0,0.0
8/7/12,0,0,0.0,0.0,0.0
8/8/12,0,0,0.0,0.0,0.0
8/9/12,0,0,0.0,0.0,0.0
8/10/12,0,0,0.0,0.0,0.0
8/13/12,0,0,0.0,0.0,0.0
8/14/12,0,0,0.0,0.0,0.0
8/15/12,0,0,0.0,0.0,0.0
8/16/12,0,0,0.0,0.0,0.0
8/17/12,0,0,0.0,0.0,0.0
8/20/12,0,0,0.0,0.0,0.0
8/21/12,0,0,0.0,0.0,0.0
8/22/12,0,0,0.0,0.0,0.0
8/23/12,0,0,0.0,0.0,0.0
8/24/12,0,0,0.0,0.0,0.0
8/27/12,0,0,0.0,0.0,0.0
8/28/12,0,0,0.0,0.0,0.0
8/29/12,0,0,0.0,0.0,0.0
8/30/12,0,0,0.0,0.0,0.0
8/31/12,0,0,0.0,0.0,0.0
9/4/12,0,0,0.0,0.0,0.0
9/5/12,0,0,0.0,0.0,0.0
9/6/12,0,0,0.0,0.0,0.0
9/7/12,0,0,0.0,0.0,0.0
9/10/12,0,0,0.0,0.0,0.0
9/11/12,0,0,0.0,0.0,0.0
9/12/12,0,0,0.0,0.0,0.0
9/13/12,0,0,0.0,0.0,0.0
9/14/12,0,0,0.0,0.0,0.0
9/17/12,0,0,0.0,0.0,0.0
9/18/12,0,0,0.0,0.0,0.0
9/19/12,0,0,0.0,0.0,0.0
9/20/12,0,0,0.0,0.0,0.0
9/21/12,0,0,0.0,0.0,0.0
9/24/12,0,0,0.0,0.0,0.0
9/25/12,0,0,0.0,0.0,0.0
9/26/12,0,0,0.0,0.0,0.0
9/27/12,0,0,0.0,0.0,0.0
9/28/12,0,0,0.0,0.0,0.0
10/1/12,0,0,0.0,0.0,0.0
10/2/12,0,0,0.0,0.0,0.0
10/3/12,0,0,0.0,0.0,0.0
10/4/12,0,0,0.0,0.0,0.0
10/5/12,0,0,0.0,0.0,0.0
10/8/12,0,0,0.0,0.0,0.0
10/9/12,0,0,0.0,0.0,0.0
10/10/12,0,0,0.0,0.0,0.0
10/11/12,0,0,0.0,0.0,0.0
10/12/12,0,0,0.0,0.0,0.0
10/15/12,0,0,0.0,0.0,0.0
10/16/12,0,0,0.0,0.0,0.0
10/17/12,0,0,0.0,0.0,0.0
10/18/12,-1,1,1360.45,-1382.05,-21.59999999999991
10/19/12,-1,1,-300.0,475.0,175.0
10/22/12,-1,1,1162.5,-545.0,617.5
10/23/12,-1,1,75.0,-200.0,-125.0
10/24/12,-1,1,-150.0,-50.0,-200.0
10/25/12,-1,1,37.5,220.0,257.5
10/26/12,-1,1,-0.0,0.0,0.0
10/29/12,-1,1,-0.0,0.0,0.0
10/30/12,-1,1,37.5,-370.0,-332.5
10/31/12,-1,1,-825.0,885.0,60.0
11/1/12,-1,1,887.5,-875.0,12.5
11/2/12,-1,1,-325.0,425.0,100.0
11/5/12,-1,1,-662.5,270.0,-392.5
11/6/12,-1,1,1812.5,-1315.0,497.5
11/7/12,-1,1,687.5,-760.0,-72.5
11/8/12,-1,1,-25.0,170.0,145.0
11/9/12,-1,1,-125.0,10.0,-115.0
11/12/12,-1,1,362.5,-410.0,-47.5
11/13/12,-1,1,900.0,-620.0,280.0
11/14/12,-1,1,87.5,-150.0,-62.5
11/15/12,-1,1,-425.0,220.0,-205.0
11/16/12,-1,1,-1137.5,1050.0,-87.5
11/19/12,-1,1,-187.5,160.0,-27.5
11/20/12,-1,1,-100.0,50.0,-50.0
11/21/12,-1,1,-850.0,765.0,-85.0
11/23/12,-1,1,100.0,230.0,330.0
11/26/12,-1,1,287.5,-90.0,197.5
11/27/12,-1,1,-475.0,385.0,-90.0
11/28/12,-1,1,-437.5,390.0,-47.5
11/29/12,-1,1,62.5,-85.0,-22.5
11/30/12,-1,1,375.0,-115.0,260.0
12/3/12,-1,1,75.0,-110.0,-35.0
12/4/12,-1,1,-137.5,-540.0,-677.5
12/5/12,-1,1,-237.5,330.0,92.5
12/6/12,-1,1,-150.0,-360.0,-510.0
12/7/12,-1,1,-212.5,290.0,77.5
12/10/12,-1,1,-562.5,705.0,142.5
12/11/12,-1,1,212.5,-310.0,-97.5
12/12/12,-1,1,462.5,-370.0,92.5
12/13/12,-1,1,150.0,-480.0,-330.0
12/14/12,-1,1,-875.0,775.0,-100.0
12/17/12,-1,1,-662.5,750.0,87.5
12/18/12,-1,1,400.0,-195.0,205.0
12/19/12,-1,1,-375.0,-60.0,-435.0
12/20/12,-1,1,725.0,-590.0,135.0
12/21/12,-1,1,312.5,-235.0,77.5
12/24/12,-1,1,312.5,-405.0,-92.5
12/26/12,-1,1,137.5,-120.0,17.5
12/27/12,-1,1,1337.5,-730.0,607.5
12/28/12,-1,1,-1800.0,1385.0,-415.0
12/31/12,-1,1,-1850.0,1670.0,-180.0
1/2/13,-1,1,175.0,-265.0,-90.0
1/3/13,-1,1,-212.5,-250.0,-462.5
1/4/13,-1,1,100.0,95.0,195.0
1/7/13,-1,1,175.0,-75.0,100.0
1/8/13,-1,1,-175.0,160.0,-15.0
1/9/13,-1,1,-562.5,300.0,-262.5
1/10/13,-1,1,-12.5,135.0,122.5
1/11/13,-1,1,150.0,-300.0,-150.0
1/14/13,-1,1,-50.0,-290.0,-340.0
1/15/13,-1,1,-12.5,235.0,222.5
1/16/13,-1,1,-512.5,290.0,-222.5
1/17/13,-1,1,-162.5,-135.0,-297.5
1/18/13,-1,1,-525.0,345.0,-180.0
1/22/13,-1,1,-37.5,160.0,122.5
1/23/13,-1,1,-75.0,-815.0,-890.0
1/24/13,-1,1,-200.0,195.0,-5.0
1/25/13,-1,1,-62.5,190.0,127.5
1/28/13,-1,1,-400.0,105.0,-295.0
1/29/13,-1,1,487.5,-140.0,347.5
1/30/13,-1,1,100.0,-215.0,-115.0
1/31/13,-1,1,-675.0,630.0,-45.0
2/1/13,-1,1,662.5,-900.0,-237.5
2/4/13,-1,1,-625.0,755.0,130.0
2/5/13,-1,1,-37.5,-240.0,-277.5
2/6/13,-1,1,75.0,95.0,170.0
2/7/13,-1,1,-362.5,600.0,237.5
2/8/13,-1,1,-25.0,-30.0,-55.0
2/11/13,-1,1,-162.5,-195.0,-357.5
2/12/13,-1,1,-50.0,190.0,140.0
2/13/13,-1,1,-62.5,-60.0,-122.5
2/14/13,-1,1,75.0,-120.0,-45.0
2/15/13,-1,1,-550.0,390.0,-160.0
2/19/13,-1,1,1050.0,-865.0,185.0
2/20/13,-1,1,300.0,-470.0,-170.0
2/21/13,-1,1,-675.0,435.0,-240.0
2/22/13,-1,1,1362.5,-670.0,692.5
2/25/13,-1,1,-262.5,110.0,-152.5
2/26/13,-1,1,-1162.5,655.0,-507.5
2/27/13,-1,1,125.0,-50.0,75.0
2/28/13,-1,1,-162.5,215.0,52.5
3/1/13,-1,1,-462.5,225.0,-237.5
3/4/13,-1,1,-562.5,765.0,202.5
3/5/13,-1,1,-100.0,-200.0,-300.0
3/6/13,-1,1,-187.5,220.0,32.5
3/7/13,-1,1,-337.5,45.0,-292.5
3/8/13,-1,1,-325.0,165.0,-160.0
3/11/13,-1,1,175.0,-135.0,40.0
3/12/13,-1,1,-162.5,-90.0,-252.5
3/13/13,-1,1,-300.0,130.0,-170.0
3/14/13,-1,1,125.0,-190.0,-65.0
3/15/13,-1,1,337.5,-70.0,267.5
3/18/13,-1,1,225.0,-150.0,75.0
3/19/13,-1,1,-337.5,115.0,-222.5
3/20/13,-1,1,500.0,-310.0,190.0
3/21/13,-1,1,-650.0,475.0,-175.0
3/22/13,-1,1,250.0,-185.0,65.0
3/25/13,-1,1,-512.5,310.0,-202.5
3/26/13,-1,1,25.0,25.0,50.0
3/27/13,-1,1,-300.0,200.0,-100.0
3/28/13,-1,1,337.5,-460.0,-122.5
4/1/13,-1,1,-425.0,495.0,70.0
4/2/13,-1,1,800.0,-515.0,285.0
4/3/13,-1,1,-300.0,-40.0,-340.0
4/4/13,-1,1,425.0,-440.0,-15.0
4/5/13,-1,1,-662.5,360.0,-302.5
4/8/13,-1,1,-200.0,330.0,130.0
4/9/13,-1,1,-975.0,1115.0,140.0
4/10/13,-1,1,-250.0,0.0,-250.0
4/11/13,-1,1,287.5,-140.0,147.5
4/12/13,-1,1,1925.0,-1255.0,670.0
4/15/13,-1,1,-1262.5,890.0,-372.5
4/16/13,-1,1,1137.5,-1070.0,67.5
4/17/13,-1,1,600.0,-700.0,-100.0
4/18/13,-1,1,-675.0,575.0,-100.0
4/19/13,-1,1,-425.0,580.0,155.0
4/22/13,-1,1,-875.0,515.0,-360.0
4/23/13,-1,1,-25.0,20.0,-5.0
4/24/13,-1,1,-387.5,400.0,12.5
4/25/13,-1,1,262.5,-270.0,-7.5
4/26/13,-1,1,-587.5,565.0,-22.5
4/29/13,-1,1,-200.0,425.0,225.0
4/30/13,-1,1,750.0,-330.0,420.0
5/1/13,-1,1,-750.0,770.0,20.0
5/2/13,-1,1,-812.5,660.0,-152.5
5/3/13,-1,1,-250.0,250.0,0.0
5/6/13,-1,1,-350.0,-20.0,-370.0
5/7/13,-1,1,-412.5,305.0,-107.5
5/8/13,-1,1,212.5,-75.0,137.5
5/9/13,-1,1,-250.0,350.0,100.0
5/10/13,-1,1,-62.5,110.0,47.5
5/13/13,-1,1,-862.5,285.0,-577.5
5/14/13,-1,1,-312.5,115.0,-197.5
5/15/13,-1,1,312.5,-55.0,257.5
5/16/13,-1,1,-750.0,490.0,-260.0
5/17/13,-1,1,-75.0,-35.0,-110.0
5/20/13,-1,1,-50.0,10.0,-40.0
5/21/13,-1,1,500.0,-410.0,90.0
5/22/13,-1,1,275.0,-175.0,100.0
5/23/13,-1,1,-25.0,0.0,-25.0
5/24/13,-1,1,-200.0,225.0,25.0
5/28/13,-1,1,375.0,-160.0,215.0
5/29/13,-1,1,-325.0,290.0,-35.0
5/30/13,-1,1,1225.0,-595.0,630.0
5/31/13,-1,1,-362.5,105.0,-257.5
6/3/13,-1,1,250.0,-215.0,35.0
6/4/13,-1,1,1162.5,-725.0,437.5
6/5/13,-1,1,-737.5,220.0,-517.5
6/6/13,-1,1,-787.5,620.0,-167.5
6/7/13,-1,1,-175.0,130.0,-45.0
6/10/13,-1,1,750.0,-470.0,280.0
6/11/13,-1,1,850.0,-865.0,-15.0
6/12/13,-1,1,-1337.5,840.0,-497.5
6/13/13,-1,1,625.0,-405.0,220.0
6/14/13,-1,1,-775.0,560.0,-215.0
6/17/13,-1,1,-562.5,470.0,-92.5
6/18/13,-1,1,1075.0,-645.0,430.0
6/19/13,-1,1,1987.5,-1525.0,462.5
6/20/13,-1,1,-0.0,-300.0,-300.0
6/21/13,-1,1,887.5,-420.0,467.5
6/24/13,-1,1,-762.5,285.0,-477.5
6/25/13,-1,1,-700.0,495.0,-205.0
6/26/13,-1,1,-550.0,330.0,-220.0
6/27/13,-1,1,362.5,35.0,397.5
6/28/13,-1,1,-375.0,315.0,-60.0
7/1/13,-1,1,-25.0,125.0,100.0
7/2/13,-1,1,-87.5,265.0,177.5
7/3/13,0,0,-14.549999999999999,-7.049999999999999,-21.599999999999998
7/5/13,0,0,0.0,0.0,0.0
7/8/13,0,0,0.0,0.0,0.0
7/9/13,0,0,0.0,0.0,0.0
7/10/13,0,0,0.0,0.0,0.0
7/11/13,0,0,0.0,0.0,0.0
7/12/13,0,0,0.0,0.0,0.0
7/15/13,0,0,0.0,0.0,0.0
7/16/13,0,0,0.0,0.0,0.0
7/17/13,0,0,0.0,0.0,0.0
7/18/13,0,0,0.0,0.0,0.0
7/19/13,0,0,0.0,0.0,0.0
7/22/13,0,0,0.0,0.0,0.0
7/23/13,0,0,0.0,0.0,0.0
7/24/13,0,0,0.0,0.0,0.0
7/25/13,0,0,0.0,0.0,0.0
7/26/13,0,0,0.0,0.0,0.0
7/29/13,0,0,0.0,0.0,0.0
7/30/13,0,0,0.0,0.0,0.0
7/31/13,0,0,0.0,0.0,0.0
8/1/13,0,0,0.0,0.0,0.0
8/2/13,0,0,0.0,0.0,0.0
8/5/13,0,0,0.0,0.0,0.0
8/6/13,0,0,0.0,0.0,0.0
8/7/13,0,0,0.0,0.0,0.0
8/8/13,0,0,0.0,0.0,0.0
8/9/13,0,0,0.0,0.0,0.0
8/12/13,0,0,0.0,0.0,0.0
8/13/13,0,0,0.0,0.0,0.0
8/14/13,0,0,0.0,0.0,0.0
8/15/13,0,0,0.0,0.0,0.0
8/16/13,0,0,0.0,0.0,0.0
8/19/13,0,0,0.0,0.0,0.0
8/20/13,0,0,0.0,0.0,0.0
8/21/13,0,0,0.0,0.0,0.0
8/22/13,0,0,0.0,0.0,0.0
8/23/13,0,0,0.0,0.0,0.0
8/26/13,0,0,0.0,0.0,0.0
8/27/13,0,0,0.0,0.0,0.0
8/28/13,0,0,0.0,0.0,0.0
8/29/13,0,0,0.0,0.0,0.0
8/30/13,0,0,0.0,0.0,0.0
9/3/13,0,0,0.0,0.0,0.0
9/4/13,0,0,0.0,0.0,0.0
9/5/13,0,0,0.0,0.0,0.0
9/6/13,0,0,0.0,0.0,0.0
9/9/13,0,0,0.0,0.0,0.0
9/10/13,0,0,0.0,0.0,0.0
9/11/13,0,0,0.0,0.0,0.0
9/12/13,0,0,0.0,0.0,0.0
9/13/13,0,0,0.0,0.0,0.0
9/16/13,0,0,0.0,0.0,0.0
9/17/13,0,0,0.0,0.0,0.0
9/18/13,0,0,0.0,0.0,0.0
9/19/13,0,0,0.0,0.0,0.0
9/20/13,0,0,0.0,0.0,0.0
9/23/13,0,0,0.0,0.0,0.0
9/24/13,0,0,0.0,0.0,0.0
9/25/13,0,0,0.0,0.0,0.0
9/26/13,0,0,0.0,0.0,0.0
9/27/13,0,0,0.0,0.0,0.0
9/30/13,0,0,0.0,0.0,0.0
10/1/13,0,0,0.0,0.0,0.0
10/2/13,0,0,0.0,0.0,0.0
10/3/13,0,0,0.0,0.0,0.0
10/4/13,0,0,0.0,0.0,0.0
10/7/13,0,0,0.0,0.0,0.0
10/8/13,0,0,0.0,0.0,0.0
10/9/13,0,0,0.0,0.0,0.0
10/10/13,0,0,0.0,0.0,0.0
10/11/13,0,0,0.0,0.0,0.0
10/14/13,0,0,0.0,0.0,0.0
10/15/13,0,0,0.0,0.0,0.0
10/16/13,0,0,0.0,0.0,0.0
10/17/13,0,0,0.0,0.0,0.0
10/18/13,0,0,0.0,0.0,0.0
10/21/13,0,0,0.0,0.0,0.0
10/22/13,0,0,0.0,0.0,0.0
10/23/13,0,0,0.0,0.0,0.0
10/24/13,0,0,0.0,0.0,0.0
10/25/13,0,0,0.0,0.0,0.0
10/28/13,0,0,0.0,0.0,0.0
10/29/13,0,0,0.0,0.0,0.0
10/30/13,0,0,0.0,0.0,0.0
10/31/13,0,0,0.0,0.0,0.0
11/1/13,0,0,0.0,0.0,0.0
11/4/13,0,0,0.0,0.0,0.0
11/5/13,0,0,0.0,0.0,0.0
11/6/13,0,0,0.0,0.0,0.0
11/7/13,0,0,0.0,0.0,0.0
11/8/13,0,0,0.0,0.0,0.0
11/11/13,0,0,0.0,0.0,0.0
11/12/13,0,0,0.0,0.0,0.0
11/13/13,0,0,0.0,0.0,0.0
11/14/13,0,0,0.0,0.0,0.0
11/15/13,0,0,0.0,0.0,0.0
11/18/13,0,0,0.0,0.0,0.0
11/19/13,0,0,0.0,0.0,0.0
11/20/13,0,0,0.0,0.0,0.0
11/21/13,0,0,0.0,0.0,0.0
11/22/13,0,0,0.0,0.0,0.0
11/25/13,0,0,0.0,0.0,0.0
11/26/13,0,0,0.0,0.0,0.0
11/27/13,0,0,0.0,0.0,0.0
11/29/13,0,0,0.0,0.0,0.0
12/2/13,0,0,0.0,0.0,0.0
12/3/13,0,0,0.0,0.0,0.0
12/4/13,0,0,0.0,0.0,0.0
12/5/13,0,0,0.0,0.0,0.0
12/6/13,0,0,0.0,0.0,0.0
12/9/13,0,0,0.0,0.0,0.0
12/10/13,0,0,0.0,0.0,0.0
12/11/13,0,0,0.0,0.0,0.0
12/12/13,0,0,0.0,0.0,0.0
12/13/13,0,0,0.0,0.0,0.0
12/16/13,0,0,0.0,0.0,0.0
12/17/13,0,0,0.0,0.0,0.0
12/18/13,0,0,0.0,0.0,0.0
12/19/13,0,0,0.0,0.0,0.0
12/20/13,0,0,0.0,0.0,0.0
12/23/13,0,0,0.0,0.0,0.0
12/24/13,0,0,0.0,0.0,0.0
12/26/13,0,0,0.0,0.0,0.0
12/27/13,0,0,0.0,0.0,0.0
12/30/13,0,0,0.0,0.0,0.0
12/31/13,0,0,0.0,0.0,0.0
1/2/14,0,0,0.0,0.0,0.0
1/3/14,0,0,0.0,0.0,0.0
1/6/14,0,0,0.0,0.0,0.0
1/7/14,0,0,0.0,0.0,0.0
1/8/14,0,0,0.0,0.0,0.0
1/9/14,0,0,0.0,0.0,0.0
1/10/14,0,0,0.0,0.0,0.0
1/13/14,0,0,0.0,0.0,0.0
1/14/14,0,0,0.0,0.0,0.0
1/15/14,0,0,0.0,0.0,0.0
1/16/14,0,0,0.0,0.0,0.0
1/17/14,0,0,0.0,0.0,0.0
1/21/14,0,0,0.0,0.0,0.0
1/22/14,0,0,0.0,0.0,0.0
1/23/14,1,-1,-2127.05,1622.95,-504.10000000000014
1/24/14,1,-1,-312.5,585.0,272.5
1/27/14,1,-1,625.0,40.0,665.0
1/28/14,1,-1,-850.0,560.0,-290.0
1/29/14,1,-1,500.0,-580.0,-80.0
1/30/14,1,-1,-237.5,-240.0,-477.5
1/31/14,1,-1,-2187.5,1680.0,-507.5
2/3/14,1,-1,550.0,-440.0,110.0
2/4/14,1,-1,12.5,130.0,142.5
2/5/14,1,-1,1125.0,-835.0,290.0
2/6/14,1,-1,1350.0,-1415.0,-65.0
2/7/14,1,-1,62.5,-390.0,-327.5
2/10/14,1,-1,937.5,-705.0,232.5
2/11/14,1,-1,175.0,-235.0,-60.0
2/12/14,1,-1,362.5,-530.0,-167.5
2/13/14,1,-1,537.5,-200.0,337.5
2/14/14,1,-1,125.0,-280.0,-155.0
2/18/14,1,-1,-600.0,410.0,-190.0
2/19/14,1,-1,537.5,-340.0,197.5
2/20/14,1,-1,-100.0,140.0,40.0
2/21/14,1,-1,587.5,-470.0,117.5
2/24/14,1,-1,12.5,-10.0,2.5
2/25/14,1,-1,-212.5,295.0,82.5
2/26/14,1,-1,600.0,-555.0,45.0
2/27/14,1,-1,175.0,125.0,300.0
2/28/14,1,-1,-725.0,530.0,-195.0
3/3/14,1,-1,1425.0,-960.0,465.0
3/4/14,1,-1,50.0,-230.0,-180.0
3/5/14,1,-1,187.5,125.0,312.5
3/6/14,1,-1,87.5,355.0,442.5
3/7/14,1,-1,-37.5,-65.0,-102.5
3/10/14,1,-1,-600.0,380.0,-220.0
3/11/14,1,-1,125.0,-365.0,-240.0
3/12/14,1,-1,-1050.0,1110.0,60.0
3/13/14,1,-1,-337.5,470.0,132.5
3/14/14,1,-1,887.5,-610.0,277.5
3/17/14,1,-1,650.0,-865.0,-215.0
3/18/14,1,-1,-575.0,395.0,-180.0
3/19/14,1,-1,687.5,-345.0,342.5
3/20/14,1,-1,-450.0,1050.0,600.0
3/21/14,0,0,-14.549999999999999,-7.049999999999999,-21.599999999999998
3/24/14,0,0,0.0,0.0,0.0
3/25/14,0,0,0.0,0.0,0.0
3/26/14,0,0,0.0,0.0,0.0
3/27/14,0,0,0.0,0.0,0.0
3/28/14,0,0,0.0,0.0,0.0
3/31/14,0,0,0.0,0.0,0.0
4/1/14,0,0,0.0,0.0,0.0
4/2/14,0,0,0.0,0.0,0.0
4/3/14,0,0,0.0,0.0,0.0
4/4/14,0,0,0.0,0.0,0.0
4/7/14,0,0,0.0,0.0,0.0
4/8/14,0,0,0.0,0.0,0.0
4/9/14,0,0,0.0,0.0,0.0
4/10/14,0,0,0.0,0.0,0.0
4/11/14,0,0,0.0,0.0,0.0
4/14/14,0,0,0.0,0.0,0.0
4/15/14,0,0,0.0,0.0,0.0
4/16/14,0,0,0.0,0.0,0.0
4/17/14,0,0,0.0,0.0,0.0
4/21/14,0,0,0.0,0.0,0.0
4/22/14,0,0,0.0,0.0,0.0
4/23/14,0,0,0.0,0.0,0.0
4/24/14,0,0,0.0,0.0,0.0
4/25/14,0,0,0.0,0.0,0.0
4/28/14,0,0,0.0,0.0,0.0
4/29/14,0,0,0.0,0.0,0.0
4/30/14,0,0,0.0,0.0,0.0
5/1/14,0,0,0.0,0.0,0.0
5/2/14,0,0,0.0,0.0,0.0
5/5/14,0,0,0.0,0.0,0.0
5/6/14,0,0,0.0,0.0,0.0
5/7/14,0,0,0.0,0.0,0.0
5/8/14,0,0,0.0,0.0,0.0
5/9/14,0,0,0.0,0.0,0.0
5/12/14,0,0,0.0,0.0,0.0
5/13/14,0,0,0.0,0.0,0.0
5/14/14,0,0,0.0,0.0,0.0
5/15/14,0,0,0.0,0.0,0.0
5/16/14,0,0,0.0,0.0,0.0
5/19/14,0,0,0.0,0.0,0.0
5/20/14,0,0,0.0,0.0,0.0
5/21/14,0,0,0.0,0.0,0.0
5/22/14,0,0,0.0,0.0,0.0
5/23/14,0,0,0.0,0.0,0.0
5/27/14,0,0,0.0,0.0,0.0
5/28/14,0,0,0.0,0.0,0.0
5/29/14,0,0,0.0,0.0,0.0
5/30/14,0,0,0.0,0.0,0.0
6/2/14,0,0,0.0,0.0,0.0
6/3/14,0,0,0.0,0.0,0.0
6/4/14,0,0,0.0,0.0,0.0
6/5/14,0,0,0.0,0.0,0.0
6/6/14,0,0,0.0,0.0,0.0
6/9/14,0,0,0.0,0.0,0.0
6/10/14,0,0,0.0,0.0,0.0
6/11/14,0,0,0.0,0.0,0.0
6/12/14,0,0,0.0,0.0,0.0
6/13/14,0,0,0.0,0.0,0.0
6/16/14,0,0,0.0,0.0,0.0
6/17/14,0,0,0.0,0.0,0.0
6/18/14,0,0,0.0,0.0,0.0
6/19/14,0,0,0.0,0.0,0.0
6/20/14,0,0,0.0,0.0,0.0
6/23/14,0,0,0.0,0.0,0.0
6/24/14,0,0,0.0,0.0,0.0
6/25/14,0,0,0.0,0.0,0.0
6/26/14,0,0,0.0,0.0,0.0
6/27/14,0,0,0.0,0.0,0.0
6/30/14,0,0,0.0,0.0,0.0
7/1/14,0,0,0.0,0.0,0.0
7/2/14,0,0,0.0,0.0,0.0
7/3/14,0,0,0.0,0.0,0.0
7/7/14,0,0,0.0,0.0,0.0
7/8/14,0,0,0.0,0.0,0.0
7/9/14,0,0,0.0,0.0,0.0
7/10/14,0,0,0.0,0.0,0.0
7/11/14,0,0,0.0,0.0,0.0
7/14/14,0,0,0.0,0.0,0.0
7/15/14,0,0,0.0,0.0,0.0
7/16/14,0,0,0.0,0.0,0.0
7/17/14,0,0,0.0,0.0,0.0
7/18/14,0,0,0.0,0.0,0.0
7/21/14,0,0,0.0,0.0,0.0
7/22/14,0,0,0.0,0.0,0.0
7/23/14,0,0,0.0,0.0,0.0
7/24/14,0,0,0.0,0.0,0.0
7/25/14,0,0,0.0,0.0,0.0
7/28/14,0,0,0.0,0.0,0.0
7/29/14,0,0,0.0,0.0,0.0
7/30/14,0,0,0.0,0.0,0.0
7/31/14,0,0,0.0,0.0,0.0
8/1/14,0,0,0.0,0.0,0.0
8/4/14,0,0,0.0,0.0,0.0
8/5/14,1,-1,72.95,52.95,125.9
8/6/14,1,-1,-475.0,240.0,-235.0
8/7/14,1,-1,925.0,-335.0,590.0
8/8/14,1,-1,437.5,-630.0,-192.5
8/11/14,1,-1,-100.0,30.0,-70.0
8/12/14,1,-1,712.5,-845.0,-132.5
8/13/14,1,-1,437.5,-445.0,-7.5
8/14/14,1,-1,-50.0,-340.0,-390.0
8/15/14,1,-1,750.0,-565.0,185.0
8/18/14,1,-1,487.5,-420.0,67.5
8/19/14,1,-1,300.0,-105.0,195.0
8/20/14,1,-1,312.5,-160.0,152.5
8/21/14,1,-1,-87.5,-145.0,-232.5
8/22/14,1,-1,362.5,-175.0,187.5
8/25/14,1,-1,175.0,-175.0,0.0
8/26/14,1,-1,-75.0,-10.0,-85.0
8/27/14,1,-1,-12.5,60.0,47.5
8/28/14,1,-1,237.5,-245.0,-7.5
8/29/14,1,-1,-87.5,-200.0,-287.5
9/2/14,1,-1,-50.0,405.0,355.0
9/3/14,1,-1,-50.0,50.0,0.0
9/4/14,1,-1,412.5,-345.0,67.5
9/5/14,1,-1,-275.0,-130.0,-405.0
9/8/14,1,-1,-537.5,540.0,2.5
9/9/14,1,-1,262.5,-540.0,-277.5
9/10/14,1,-1,100.0,40.0,140.0
9/11/14,1,-1,-612.5,425.0,-187.5
9/12/14,1,-1,-25.0,725.0,700.0
9/15/14,1,-1,762.5,-650.0,112.5
9/16/14,1,-1,112.5,-140.0,-27.5
9/17/14,1,-1,537.5,-625.0,-87.5
9/18/14,1,-1,-37.5,70.0,32.5
9/19/14,1,-1,-875.0,805.0,-70.0
9/22/14,1,-1,-700.0,315.0,-385.0
9/23/14,1,-1,937.5,-1015.0,-77.5
9/24/14,1,-1,-1475.0,1605.0,130.0
9/25/14,1,-1,725.0,-765.0,-40.0
9/26/14,1,-1,-325.0,205.0,-120.0
9/29/14,1,-1,-200.0,-185.0,-385.0
9/30/14,1,-1,-1237.5,1245.0,7.5
10/1/14,1,-1,-112.5,90.0,-22.5
10/2/14,1,-1,1087.5,-760.0,327.5
10/3/14,1,-1,-212.5,180.0,-32.5
10/6/14,1,-1,-1400.0,1015.0,-385.0
10/7/14,1,-1,1687.5,-1485.0,202.5
10/8/14,1,-1,-1837.5,1205.0,-632.5
10/9/14,1,-1,-1537.5,2345.0,807.5
10/10/14,1,-1,-1437.5,1090.0,-347.5
10/13/14,1,-1,462.5,-265.0,197.5
10/14/14,1,-1,-1400.0,1195.0,-205.0
10/15/14,1,-1,187.5,210.0,397.5
10/16/14,1,-1,1525.0,-1250.0,275.0
10/17/14,1,-1,950.0,-1240.0,-290.0
10/20/14,1,-1,1900.0,-2110.0,-210.0
10/21/14,1,-1,-650.0,445.0,-205.0
10/22/14,1,-1,1050.0,-1120.0,-70.0
10/23/14,1,-1,687.5,-590.0,97.5
10/24/14,1,-1,-137.5,-70.0,-207.5
10/27/14,1,-1,1150.0,-1115.0,35.0
10/28/14,1,-1,-387.5,435.0,47.5
10/29/14,1,-1,812.5,-345.0,467.5
10/30/14,1,-1,1150.0,-1220.0,-70.0
10/31/14,1,-1,-25.0,-135.0,-160.0
11/3/14,1,-1,-275.0,275.0,0.0
11/4/14,1,-1,662.5,20.0,682.5
11/5/14,1,-1,462.5,-405.0,57.5
11/6/14,1,-1,-100.0,240.0,140.0
11/7/14,1,-1,400.0,-390.0,10.0
11/10/14,1,-1,125.0,-260.0,-135.0
11/11/14,1,-1,-25.0,-255.0,-280.0
11/12/14,1,-1,-100.0,-180.0,-280.0
11/13/14,1,-1,200.0,-340.0,-140.0
11/14/14,1,-1,87.5,195.0,282.5
11/17/14,1,-1,437.5,-515.0,-77.5
11/18/14,1,-1,-62.5,285.0,222.5
11/19/14,1,-1,237.5,-425.0,-187.5
11/20/14,1,-1,487.5,-85.0,402.5
11/21/14,1,-1,287.5,-655.0,-367.5
11/24/14,1,-1,0.0,-210.0,-210.0
11/25/14,1,-1,237.5,-505.0,-267.5
11/26/14,1,-1,-300.0,-410.0,-710.0
11/28/14,1,-1,-775.0,1035.0,260.0
12/1/14,1,-1,762.5,-380.0,382.5
12/2/14,1,-1,325.0,-100.0,225.0
12/3/14,1,-1,-25.0,-60.0,-85.0
12/4/14,1,-1,200.0,5.0,205.0
12/5/14,1,-1,-825.0,685.0,-140.0
12/8/14,1,-1,-100.0,-235.0,-335.0
12/9/14,1,-1,-1550.0,1275.0,-275.0
12/10/14,1,-1,225.0,-190.0,35.0
12/11/14,1,-1,-1687.5,940.0,-747.5
12/12/14,1,-1,-362.5,515.0,152.5
12/15/14,1,-1,-925.0,1545.0,620.0
12/16/14,1,-1,2162.5,-1525.0,637.5
12/17/14,1,-1,2587.5,-2070.0,517.5
12/18/14,1,-1,350.0,-395.0,-45.0
12/19/14,1,-1,275.0,-180.0,95.0
12/22/14,1,-1,325.0,275.0,600.0
12/23/14,0,0,-14.549999999999999,-7.049999999999999,-21.599999999999998
12/24/14,0,0,0.0,0.0,0.0
12/26/14,0,0,0.0,0.0,0.0
12/29/14,0,0,0.0,0.0,0.0
12/30/14,0,0,0.0,0.0,0.0
12/31/14,0,0,0.0,0.0,0.0
1/2/15,0,0,0.0,0.0,0.0
1/5/15,0,0,0.0,0.0,0.0
1/6/15,0,0,0.0,0.0,0.0
1/7/15,0,0,0.0,0.0,0.0
1/8/15,0,0,0.0,0.0,0.0
1/9/15,0,0,0.0,0.0,0.0
1/12/15,0,0,0.0,0.0,0.0
1/13/15,0,0,0.0,0.0,0.0
1/14/15,0,0,0.0,0.0,0.0
1/15/15,0,0,0.0,0.0,0.0
1/16/15,0,0,0.0,0.0,0.0
1/20/15,0,0,0.0,0.0,0.0
1/21/15,0,0,0.0,0.0,0.0
1/22/15,0,0,0.0,0.0,0.0
1/23/15,0,0,0.0,0.0,0.0
1/26/15,0,0,0.0,0.0,0.0
1/27/15,0,0,0.0,0.0,0.0
1/28/15,0,0,0.0,0.0,0.0
1/29/15,0,0,0.0,0.0,0.0
1/30/15,0,0,0.0,0.0,0.0
2/2/15,0,0,0.0,0.0,0.0
2/3/15,0,0,0.0,0.0,0.0
2/4/15,0,0,0.0,0.0,0.0
2/5/15,0,0,0.0,0.0,0.0
2/6/15,0,0,0.0,0.0,0.0
2/9/15,0,0,0.0,0.0,0.0
2/10/15,0,0,0.0,0.0,0.0
2/11/15,0,0,0.0,0.0,0.0
2/12/15,0,0,0.0,0.0,0.0
2/13/15,0,0,0.0,0.0,0.0
2/17/15,0,0,0.0,0.0,0.0
2/18/15,0,0,0.0,0.0,0.0
2/19/15,0,0,0.0,0.0,0.0
2/20/15,0,0,0.0,0.0,0.0
2/23/15,0,0,0.0,0.0,0.0
2/24/15,0,0,0.0,0.0,0.0
2/25/15,0,0,0.0,0.0,0.0
2/26/15,0,0,0.0,0.0,0.0
2/27/15,0,0,0.0,0.0,0.0
3/2/15,0,0,0.0,0.0,0.0
3/3/15,0,0,0.0,0.0,0.0
3/4/15,0,0,0.0,0.0,0.0
3/5/15,0,0,0.0,0.0,0.0
3/6/15,0,0,0.0,0.0,0.0
3/9/15,0,0,0.0,0.0,0.0
3/10/15,0,0,0.0,0.0,0.0
3/11/15,0,0,0.0,0.0,0.0
3/12/15,0,0,0.0,0.0,0.0
3/13/15,0,0,0.0,0.0,0.0
3/16/15,0,0,0.0,0.0,0.0
3/17/15,0,0,0.0,0.0,0.0
3/18/15,0,0,0.0,0.0,0.0
3/19/15,0,0,0.0,0.0,0.0
3/20/15,0,0,0.0,0.0,0.0
3/23/15,0,0,0.0,0.0,0.0
3/24/15,0,0,0.0,0.0,0.0
3/25/15,0,0,0.0,0.0,0.0
3/26/15,0,0,0.0,0.0,0.0
3/27/15,0,0,0.0,0.0,0.0
3/30/15,0,0,0.0,0.0,0.0
3/31/15,0,0,0.0,0.0,0.0
4/1/15,0,0,0.0,0.0,0.0
4/2/15,0,0,0.0,0.0,0.0
4/6/15,0,0,0.0,0.0,0.0
4/7/15,0,0,0.0,0.0,0.0
4/8/15,0,0,0.0,0.0,0.0
4/9/15,0,0,0.0,0.0,0.0
4/10/15,0,0,0.0,0.0,0.0
4/13/15,0,0,0.0,0.0,0.0
4/14/15,0,0,0.0,0.0,0.0
4/15/15,0,0,0.0,0.0,0.0
4/16/15,0,0,0.0,0.0,0.0
4/17/15,0,0,0.0,0.0,0.0
4/20/15,0,0,0.0,0.0,0.0
4/21/15,0,0,0.0,0.0,0.0
4/22/15,0,0,0.0,0.0,0.0
4/23/15,0,0,0.0,0.0,0.0
4/24/15,0,0,0.0,0.0,0.0
4/27/15,0,0,0.0,0.0,0.0
4/28/15,0,0,0.0,0.0,0.0
4/29/15,0,0,0.0,0.0,0.0
4/30/15,0,0,0.0,0.0,0.0
5/1/15,0,0,0.0,0.0,0.0
5/4/15,0,0,0.0,0.0,0.0
5/5/15,0,0,0.0,0.0,0.0
5/6/15,0,0,0.0,0.0,0.0
5/7/15,0,0,0.0,0.0,0.0
5/8/15,0,0,0.0,0.0,0.0
5/11/15,0,0,0.0,0.0,0.0
5/12/15,0,0,0.0,0.0,0.0
5/13/15,0,0,0.0,0.0,0.0
5/14/15,0,0,0.0,0.0,0.0
5/15/15,0,0,0.0,0.0,0.0
5/18/15,0,0,0.0,0.0,0.0
5/19/15,0,0,0.0,0.0,0.0
5/20/15,0,0,0.0,0.0,0.0
5/21/15,0,0,0.0,0.0,0.0
5/22/15,0,0,0.0,0.0,0.0
5/26/15,0,0,0.0,0.0,0.0
5/27/15,0,0,0.0,0.0,0.0
5/28/15,0,0,0.0,0.0,0.0
5/29/15,0,0,0.0,0.0,0.0
6/1/15,0,0,0.0,0.0,0.0
6/2/15,0,0,0.0,0.0,0.0
6/3/15,0,0,0.0,0.0,0.0
6/4/15,0,0,0.0,0.0,0.0
6/5/15,0,0,0.0,0.0,0.0
6/8/15,0,0,0.0,0.0,0.0
6/9/15,0,0,0.0,0.0,0.0
6/10/15,0,0,0.0,0.0,0.0
6/11/15,0,0,0.0,0.0,0.0
6/12/15,0,0,0.0,0.0,0.0
6/15/15,0,0,0.0,0.0,0.0
6/16/15,0,0,0.0,0.0,0.0
6/17/15,0,0,0.0,0.0,0.0
6/18/15,0,0,0.0,0.0,0.0
6/19/15,0,0,0.0,0.0,0.0
6/22/15,0,0,0.0,0.0,0.0
6/23/15,0,0,0.0,0.0,0.0
6/24/15,0,0,0.0,0.0,0.0
6/25/15,0,0,0.0,0.0,0.0
6/26/15,0,0,0.0,0.0,0.0
6/29/15,0,0,0.0,0.0,0.0
6/30/15,0,0,0.0,0.0,0.0
7/1/15,0,0,0.0,0.0,0.0
7/2/15,0,0,0.0,0.0,0.0
7/6/15,0,0,0.0,0.0,0.0
7/7/15,0,0,0.0,0.0,0.0
7/8/15,0,0,0.0,0.0,0.0
7/9/15,0,0,0.0,0.0,0.0
7/10/15,0,0,0.0,0.0,0.0
7/13/15,0,0,0.0,0.0,0.0
7/14/15,0,0,0.0,0.0,0.0
7/15/15,0,0,0.0,0.0,0.0
7/16/15,1,-1,72.95,-1052.05,-979.0999999999999
7/17/15,1,-1,162.5,-425.0,-262.5
7/20/15,1,-1,-375.0,95.0,-280.0
7/21/15,1,-1,-325.0,990.0,665.0
7/22/15,1,-1,-475.0,-60.0,-535.0
7/23/15,1,-1,-1050.0,1165.0,115.0
7/24/15,1,-1,-650.0,785.0,135.0
7/27/15,1,-1,1137.5,-670.0,467.5
7/28/15,1,-1,712.5,-180.0,532.5
7/29/15,1,-1,112.5,-605.0,-492.5
7/30/15,1,-1,-262.5,205.0,-57.5
7/31/15,1,-1,-375.0,240.0,-135.0
8/3/15,1,-1,-400.0,425.0,25.0
8/4/15,1,-1,537.5,-835.0,-297.5
8/5/15,1,-1,-712.5,1375.0,662.5
8/6/15,1,-1,-300.0,115.0,-185.0
8/7/15,1,-1,1312.5,-940.0,372.5
8/10/15,1,-1,-1000.0,1105.0,105.0
8/11/15,1,-1,225.0,-455.0,-230.0
8/12/15,1,-1,-187.5,325.0,137.5
8/13/15,1,-1,450.0,-290.0,160.0
8/14/15,1,-1,487.5,-660.0,-172.5
8/17/15,1,-1,-262.5,415.0,152.5
8/18/15,1,-1,-1062.5,805.0,-257.5
8/19/15,1,-1,-2362.5,2750.0,387.5
8/20/15,1,-1,-2700.0,3310.0,610.0
8/21/15,0,0,-14.549999999999999,-7.049999999999999,-21.599999999999998
8/24/15,0,0,0.0,0.0,0.0
8/25/15,0,0,0.0,0.0,0.0
8/26/15,1,-1,2547.95,-2277.05,270.89999999999964
8/27/15,1,-1,25.0,-100.0,-75.0
8/28/15,1,-1,-1025.0,1225.0,200.0
8/31/15,1,-1,-2662.5,2270.0,-392.5
9/1/15,1,-1,1550.0,-2035.0,-485.0
9/2/15,1,-1,-50.0,610.0,560.0
9/3/15,1,-1,-1212.5,710.0,-502.5
9/4/15,1,-1,2200.0,-2090.0,110.0
9/8/15,1,-1,-1150.0,870.0,-280.0
9/9/15,1,-1,337.5,-800.0,-462.5
9/10/15,1,-1,537.5,-605.0,-67.5
9/11/15,1,-1,-312.5,305.0,-7.5
9/14/15,1,-1,1287.5,-1020.0,267.5
9/15/15,1,-1,900.0,-610.0,290.0
9/16/15,1,-1,-537.5,225.0,-312.5
9/17/15,1,-1,-1337.5,860.0,-477.5
9/18/15,1,-1,625.0,-290.0,335.0
9/21/15,1,-1,-1550.0,1480.0,-70.0
9/22/15,1,-1,-175.0,90.0,-85.0
9/23/15,1,-1,-487.5,335.0,-152.5
9/24/15,1,-1,25.0,650.0,675.0
9/25/15,1,-1,-2362.5,2375.0,12.5
9/28/15,1,-1,125.0,400.0,525.0
9/29/15,1,-1,1712.5,-1765.0,-52.5
9/30/15,1,-1,400.0,-490.0,-90.0
10/1/15,1,-1,1312.5,-1475.0,-162.5
10/2/15,1,-1,1587.5,-1000.0,587.5
10/5/15,1,-1,-312.5,420.0,107.5
10/6/15,1,-1,937.5,-670.0,267.5
10/7/15,1,-1,962.5,-420.0,542.5
10/8/15,0,0,-14.549999999999999,-7.049999999999999,-21.599999999999998
10/9/15,0,0,0.0,0.0,0.0
10/12/15,0,0,0.0,0.0,0.0
10/13/15,0,0,0.0,0.0,0.0
10/14/15,0,0,0.0,0.0,0.0
10/15/15,0,0,0.0,0.0,0.0
10/16/15,0,0,0.0,0.0,0.0
10/19/15,0,0,0.0,0.0,0.0
10/20/15,0,0,0.0,0.0,0.0
10/21/15,0,0,0.0,0.0,0.0
10/22/15,0,0,0.0,0.0,0.0
10/23/15,1,-1,-202.05,-102.05,-304.1
10/26/15,1,-1,-87.5,-320.0,-407.5
10/27/15,1,-1,1200.0,-830.0,370.0
10/28/15,1,-1,-75.0,240.0,165.0
10/29/15,1,-1,-462.5,370.0,-92.5
10/30/15,1,-1,1087.5,-1015.0,72.5
11/2/15,1,-1,375.0,-360.0,15.0
11/3/15,1,-1,-412.5,50.0,-362.5
11/4/15,1,-1,-37.5,285.0,247.5
11/5/15,1,-1,-12.5,-155.0,-167.5
11/6/15,1,-1,-1037.5,1005.0,-32.5
11/9/15,1,-1,250.0,195.0,445.0
11/10/15,1,-1,-450.0,225.0,-225.0
11/11/15,1,-1,-1425.0,930.0,-495.0
11/12/15,1,-1,-1100.0,1665.0,565.0
11/13/15,1,-1,1475.0,-1155.0,320.0
11/16/15,1,-1,50.0,-195.0,-145.0
11/17/15,1,-1,1537.5,-1660.0,-122.5
11/18/15,1,-1,-25.0,-150.0,-175.0
11/19/15,1,-1,475.0,-590.0,-115.0
11/20/15,1,-1,-225.0,275.0,50.0
11/23/15,1,-1,25.0,195.0,220.0
11/24/15,1,-1,162.5,-225.0,-62.5
11/25/15,1,-1,100.0,-105.0,-5.0
11/27/15,1,-1,-512.5,275.0,-237.5
11/30/15,1,-1,1012.5,-950.0,62.5
12/1/15,1,-1,-925.0,435.0,-490.0
12/2/15,1,-1,-1512.5,1670.0,157.5
12/3/15,1,-1,1862.5,-2045.0,-182.5
12/4/15,1,-1,-375.0,245.0,-130.0
12/7/15,1,-1,-1112.5,275.0,-837.5
12/8/15,1,-1,-837.5,1425.0,587.5
12/9/15,1,-1,362.5,-560.0,-197.5
12/10/15,1,-1,-1975.0,2095.0,120.0
12/11/15,1,-1,437.5,-545.0,-107.5
12/14/15,1,-1,1350.0,-790.0,560.0
12/15/15,1,-1,1337.5,-1135.0,202.5
12/16/15,1,-1,-1950.0,1765.0,-185.0
12/17/15,1,-1,-1637.5,1300.0,-337.5
12/18/15,1,-1,1150.0,-1170.0,-20.0
12/21/15,1,-1,1050.0,-560.0,490.0
12/22/15,1,-1,850.0,-315.0,535.0
12/23/15,1,-1,-87.5,-85.0,-172.5
12/24/15,1,-1,-125.0,-55.0,-180.0
12/28/15,1,-1,1200.0,-1535.0,-335.0
12/29/15,1,-1,-912.5,890.0,-22.5
12/30/15,1,-1,-950.0,1165.0,215.0
12/31/15,1,-1,-1325.0,1665.0,340.0
1/4/16,1,-1,137.5,415.0,552.5
1/5/16,1,-1,-1287.5,740.0,-547.5
1/6/16,1,-1,-2650.0,3150.0,500.0
1/7/16,1,-1,-1075.0,555.0,-520.0
1/8/16,1,-1,137.5,-230.0,-92.5
1/11/16,1,-1,537.5,-795.0,-257.5
1/12/16,1,-1,-2175.0,2740.0,565.0
1/13/16,1,-1,1650.0,-1635.0,15.0
1/14/16,1,-1,-1975.0,2335.0,360.0
1/15/16,0,0,-14.549999999999999,-7.049999999999999,-21.599999999999998
1/19/16,0,0,0.0,0.0,0.0
1/20/16,0,0,0.0,0.0,0.0
1/21/16,0,0,0.0,0.0,0.0
1/22/16,0,0,0.0,0.0,0.0
1/25/16,0,0,0.0,0.0,0.0
1/26/16,0,0,0.0,0.0,0.0
1/27/16,0,0,0.0,0.0,0.0
1/28/16,0,0,0.0,0.0,0.0
1/29/16,0,0,0.0,0.0,0.0
2/1/16,0,0,0.0,0.0,0.0
2/2/16,0,0,0.0,0.0,0.0
2/3/16,0,0,0.0,0.0,0.0
2/4/16,0,0,0.0,0.0,0.0
2/5/16,0,0,0.0,0.0,0.0
2/8/16,0,0,0.0,0.0,0.0
2/9/16,0,0,0.0,0.0,0.0
2/10/16,0,0,0.0,0.0,0.0
2/11/16,0,0,0.0,0.0,0.0
2/12/16,0,0,0.0,0.0,0.0
2/16/16,0,0,0.0,0.0,0.0
2/17/16,0,0,0.0,0.0,0.0
2/18/16,0,0,0.0,0.0,0.0
2/19/16,0,0,0.0,0.0,0.0
2/22/16,0,0,0.0,0.0,0.0
2/23/16,0,0,0.0,0.0,0.0
2/24/16,0,0,0.0,0.0,0.0
2/25/16,0,0,0.0,0.0,0.0
2/26/16,0,0,0.0,0.0,0.0
2/29/16,0,0,0.0,0.0,0.0
3/1/16,0,0,0.0,0.0,0.0
3/2/16,0,0,0.0,0.0,0.0
3/3/16,0,0,0.0,0.0,0.0
3/4/16,0,0,0.0,0.0,0.0
3/7/16,0,0,0.0,0.0,0.0
3/8/16,0,0,0.0,0.0,0.0
3/9/16,0,0,0.0,0.0,0.0
3/10/16,0,0,0.0,0.0,0.0
3/11/16,0,0,0.0,0.0,0.0
3/14/16,0,0,0.0,0.0,0.0
3/15/16,0,0,0.0,0.0,0.0
3/16/16,0,0,0.0,0.0,0.0
3/17/16,0,0,0.0,0.0,0.0
3/18/16,0,0,0.0,0.0,0.0
3/21/16,0,0,0.0,0.0,0.0
3/22/16,0,0,0.0,0.0,0.0
3/23/16,0,0,0.0,0.0,0.0
3/24/16,0,0,0.0,0.0,0.0
3/28/16,0,0,0.0,0.0,0.0
3/29/16,0,0,0.0,0.0,0.0
3/30/16,0,0,0.0,0.0,0.0
3/31/16,0,0,0.0,0.0,0.0
4/1/16,0,0,0.0,0.0,0.0
4/4/16,0,0,0.0,0.0,0.0
4/5/16,0,0,0.0,0.0,0.0
4/6/16,0,0,0.0,0.0,0.0
4/7/16,0,0,0.0,0.0,0.0
4/8/16,0,0,0.0,0.0,0.0
4/11/16,0,0,0.0,0.0,0.0
4/12/16,0,0,0.0,0.0,0.0
4/13/16,0,0,0.0,0.0,0.0
4/14/16,0,0,0.0,0.0,0.0
4/15/16,0,0,0.0,0.0,0.0
4/18/16,0,0,0.0,0.0,0.0
4/19/16,0,0,0.0,0.0,0.0
4/20/16,0,0,0.0,0.0,0.0
4/21/16,0,0,0.0,0.0,0.0
4/22/16,0,0,0.0,0.0,0.0
4/25/16,0,0,0.0,0.0,0.0
4/26/16,0,0,0.0,0.0,0.0
4/27/16,-1,1,897.95,-842.05,55.90000000000009
4/28/16,-1,1,675.0,-1010.0,-335.0
4/29/16,-1,1,-762.5,750.0,-12.5
5/2/16,-1,1,862.5,-690.0,172.5
5/3/16,-1,1,500.0,-495.0,5.0
5/4/16,-1,1,150.0,-190.0,-40.0
5/5/16,-1,1,-437.5,560.0,122.5
5/6/16,-1,1,-75.0,150.0,75.0
5/9/16,-1,1,-1162.5,1125.0,-37.5
5/10/16,-1,1,975.0,-810.0,165.0
5/11/16,-1,1,-37.5,-335.0,-372.5
5/12/16,-1,1,762.5,-215.0,547.5
5/13/16,-1,1,-962.5,1025.0,62.5
5/16/16,-1,1,962.5,-1115.0,-152.5
5/17/16,-1,1,100.0,255.0,355.0
5/18/16,-1,1,137.5,-300.0,-162.5
5/19/16,-1,1,-562.5,900.0,337.5
5/20/16,-1,1,237.5,-195.0,42.5
5/23/16,-1,1,-1487.5,1855.0,367.5
5/24/16,-1,1,-612.5,590.0,-22.5
5/25/16,-1,1,-125.0,350.0,225.0
5/26/16,-1,1,-375.0,355.0,-20.0
5/27/16,-1,1,112.5,285.0,397.5
5/31/16,0,0,-14.549999999999999,-7.049999999999999,-21.599999999999998
6/1/16,0,0,0.0,0.0,0.0
6/2/16,0,0,0.0,0.0,0.0
6/3/16,0,0,0.0,0.0,0.0
6/6/16,0,0,0.0,0.0,0.0
6/7/16,0,0,0.0,0.0,0.0
6/8/16,0,0,0.0,0.0,0.0
6/9/16,0,0,0.0,0.0,0.0
6/10/16,0,0,0.0,0.0,0.0
6/13/16,0,0,0.0,0.0,0.0
6/14/16,0,0,0.0,0.0,0.0
6/15/16,0,0,0.0,0.0,0.0
6/16/16,0,0,0.0,0.0,0.0
6/17/16,0,0,0.0,0.0,0.0
6/20/16,0,0,0.0,0.0,0.0
6/21/16,0,0,0.0,0.0,0.0
6/22/16,0,0,0.0,0.0,0.0
6/23/16,0,0,0.0,0.0,0.0
6/24/16,0,0,0.0,0.0,0.0
6/27/16,-1,1,-2189.55,2052.95,-136.60000000000036
6/28/16,-1,1,-1912.5,1635.0,-277.5
6/29/16,-1,1,-1175.0,885.0,-290.0
6/30/16,-1,1,-300.0,525.0,225.0
7/1/16,-1,1,675.0,-585.0,90.0
7/5/16,-1,1,-562.5,710.0,147.5
7/6/16,-1,1,100.0,255.0,355.0
7/7/16,-1,1,-1425.0,1300.0,-125.0
7/8/16,-1,1,-487.5,645.0,157.5
7/11/16,-1,1,-775.0,405.0,-370.0
7/12/16,-1,1,-12.5,-170.0,-182.5
7/13/16,-1,1,-562.5,575.0,12.5
7/14/16,-1,1,225.0,-215.0,10.0
7/15/16,-1,1,-362.5,580.0,217.5
7/18/16,-1,1,62.5,-35.0,27.5
7/19/16,-1,1,-437.5,880.0,442.5
7/20/16,-1,1,475.0,-245.0,230.0
7/21/16,-1,1,-475.0,380.0,-95.0
7/22/16,-1,1,262.5,-70.0,192.5
7/25/16,0,0,-14.549999999999999,-7.049999999999999,-21.599999999999998
7/26/16,0,0,0.0,0.0,0.0
7/27/16,0,0,0.0,0.0,0.0
7/28/16,0,0,0.0,0.0,0.0
7/29/16,0,0,0.0,0.0,0.0
8/1/16,0,0,0.0,0.0,0.0
8/2/16,0,0,0.0,0.0,0.0
8/3/16,0,0,0.0,0.0,0.0
8/4/16,0,0,0.0,0.0,0.0
8/5/16,0,0,0.0,0.0,0.0
8/8/16,0,0,0.0,0.0,0.0
8/9/16,0,0,0.0,0.0,0.0
8/10/16,0,0,0.0,0.0,0.0
8/11/16,0,0,0.0,0.0,0.0
8/12/16,0,0,0.0,0.0,0.0
8/15/16,0,0,0.0,0.0,0.0
8/16/16,0,0,0.0,0.0,0.0
8/17/16,0,0,0.0,0.0,0.0
8/18/16,0,0,0.0,0.0,0.0
8/19/16,0,0,0.0,0.0,0.0
8/22/16,0,0,0.0,0.0,0.0
8/23/16,0,0,0.0,0.0,0.0
8/24/16,0,0,0.0,0.0,0.0
8/25/16,0,0,0.0,0.0,0.0
8/26/16,0,0,0.0,0.0,0.0
8/29/16,0,0,0.0,0.0,0.0
8/30/16,0,0,0.0,0.0,0.0
8/31/16,0,0,0.0,0.0,0.0
9/1/16,0,0,0.0,0.0,0.0
9/2/16,0,0,0.0,0.0,0.0
9/6/16,0,0,0.0,0.0,0.0
9/7/16,0,0,0.0,0.0,0.0
9/8/16,0,0,0.0,0.0,0.0
9/9/16,0,0,0.0,0.0,0.0
9/12/16,0,0,0.0,0.0,0.0
9/13/16,0,0,0.0,0.0,0.0
9/14/16,0,0,0.0,0.0,0.0
9/15/16,0,0,0.0,0.0,0.0
9/16/16,0,0,0.0,0.0,0.0
9/19/16,0,0,0.0,0.0,0.0
9/20/16,0,0,0.0,0.0,0.0
9/21/16,0,0,0.0,0.0,0.0
9/22/16,0,0,0.0,0.0,0.0
9/23/16,0,0,0.0,0.0,0.0
9/26/16,0,0,0.0,0.0,0.0
9/27/16,0,0,0.0,0.0,0.0
9/28/16,0,0,0.0,0.0,0.0
9/29/16,0,0,0.0,0.0,0.0
9/30/16,0,0,0.0,0.0,0.0
10/3/16,0,0,0.0,0.0,0.0
10/4/16,0,0,0.0,0.0,0.0
10/5/16,0,0,0.0,0.0,0.0
10/6/16,0,0,0.0,0.0,0.0
10/7/16,0,0,0.0,0.0,0.0
10/10/16,0,0,0.0,0.0,0.0
10/11/16,0,0,0.0,0.0,0.0
10/12/16,0,0,0.0,0.0,0.0
10/13/16,0,0,0.0,0.0,0.0
10/14/16,0,0,0.0,0.0,0.0
10/17/16,0,0,0.0,0.0,0.0
10/18/16,0,0,0.0,0.0,0.0
10/19/16,0,0,0.0,0.0,0.0
10/20/16,0,0,0.0,0.0,0.0
10/21/16,0,0,0.0,0.0,0.0
10/24/16,0,0,0.0,0.0,0.0
10/25/16,0,0,0.0,0.0,0.0
10/26/16,0,0,0.0,0.0,0.0
10/27/16,0,0,0.0,0.0,0.0
10/28/16,0,0,0.0,0.0,0.0
10/31/16,0,0,0.0,0.0,0.0
11/1/16,0,0,0.0,0.0,0.0
11/2/16,0,0,0.0,0.0,0.0
11/3/16,0,0,0.0,0.0,0.0
11/4/16,0,0,0.0,0.0,0.0
11/7/16,0,0,0.0,0.0,0.0
11/8/16,0,0,0.0,0.0,0.0
11/9/16,0,0,0.0,0.0,0.0
11/10/16,0,0,0.0,0.0,0.0
11/11/16,0,0,0.0,0.0,0.0
11/14/16,0,0,0.0,0.0,0.0
11/15/16,0,0,0.0,0.0,0.0
11/16/16,0,0,0.0,0.0,0.0
11/17/16,0,0,0.0,0.0,0.0
11/18/16,0,0,0.0,0.0,0.0
11/21/16,0,0,0.0,0.0,0.0
11/22/16,0,0,0.0,0.0,0.0
11/23/16,0,0,0.0,0.0,0.0
11/25/16,0,0,0.0,0.0,0.0
11/28/16,0,0,0.0,0.0,0.0
11/29/16,0,0,0.0,0.0,0.0
11/30/16,0,0,0.0,0.0,0.0
12/1/16,0,0,0.0,0.0,0.0
12/2/16,0,0,0.0,0.0,0.0
12/5/16,0,0,0.0,0.0,0.0
12/6/16,0,0,0.0,0.0,0.0
12/7/16,0,0,0.0,0.0,0.0
12/8/16,0,0,0.0,0.0,0.0
12/9/16,0,0,0.0,0.0,0.0
12/12/16,0,0,0.0,0.0,0.0
12/13/16,0,0,0.0,0.0,0.0
12/14/16,0,0,0.0,0.0,0.0
12/15/16,0,0,0.0,0.0,0.0
12/16/16,0,0,0.0,0.0,0.0
12/19/16,0,0,0.0,0.0,0.0
12/20/16,0,0,0.0,0.0,0.0
12/21/16,0,0,0.0,0.0,0.0
12/22/16,0,0,0.0,0.0,0.0
12/23/16,0,0,0.0,0.0,0.0
12/27/16,0,0,0.0,0.0,0.0
12/28/16,0,0,0.0,0.0,0.0
12/29/16,0,0,0.0,0.0,0.0
12/30/16,0,0,0.0,0.0,0.0
1/3/17,0,0,0.0,0.0,0.0
1/4/17,0,0,0.0,0.0,0.0
1/5/17,0,0,0.0,0.0,0.0
1/6/17,0,0,0.0,0.0,0.0
1/9/17,0,0,0.0,0.0,0.0
1/10/17,0,0,0.0,0.0,0.0
1/11/17,0,0,0.0,0.0,0.0
1/12/17,0,0,0.0,0.0,0.0
1/13/17,0,0,0.0,0.0,0.0
1/17/17,0,0,0.0,0.0,0.0
1/18/17,0,0,0.0,0.0,0.0
1/19/17,0,0,0.0,0.0,0.0
1/20/17,0,0,0.0,0.0,0.0
1/23/17,0,0,0.0,0.0,0.0
1/24/17,0,0,0.0,0.0,0.0
1/25/17,0,0,0.0,0.0,0.0
1/26/17,0,0,0.0,0.0,0.0
1/27/17,0,0,0.0,0.0,0.0
1/30/17,0,0,0.0,0.0,0.0
1/31/17,0,0,0.0,0.0,0.0
2/1/17,0,0,0.0,0.0,0.0
2/2/17,0,0,0.0,0.0,0.0
2/3/17,0,0,0.0,0.0,0.0
2/6/17,0,0,0.0,0.0,0.0
2/7/17,0,0,0.0,0.0,0.0
2/8/17,0,0,0.0,0.0,0.0
2/9/17,0,0,0.0,0.0,0.0
2/10/17,0,0,0.0,0.0,0.0
2/13/17,0,0,0.0,0.0,0.0
2/14/17,0,0,0.0,0.0,0.0
2/15/17,0,0,0.0,0.0,0.0
2/16/17,0,0,0.0,0.0,0.0
2/17/17,0,0,0.0,0.0,0.0
2/21/17,0,0,0.0,0.0,0.0
2/22/17,0,0,0.0,0.0,0.0
2/23/17,0,0,0.0,0.0,0.0
2/24/17,0,0,0.0,0.0,0.0
2/27/17,0,0,0.0,0.0,0.0
2/28/17,0,0,0.0,0.0,0.0
3/1/17,0,0,0.0,0.0,0.0
3/2/17,0,0,0.0,0.0,0.0
3/3/17,0,0,0.0,0.0,0.0
3/6/17,0,0,0.0,0.0,0.0
3/7/17,0,0,0.0,0.0,0.0
3/8/17,0,0,0.0,0.0,0.0
3/9/17,0,0,0.0,0.0,0.0
3/10/17,0,0,0.0,0.0,0.0
3/13/17,0,0,0.0,0.0,0.0
3/14/17,0,0,0.0,0.0,0.0
3/15/17,0,0,0.0,0.0,0.0
3/16/17,0,0,0.0,0.0,0.0
3/17/17,0,0,0.0,0.0,0.0
3/20/17,0,0,0.0,0.0,0.0
3/21/17,0,0,0.0,0.0,0.0
3/22/17,0,0,0.0,0.0,0.0
3/23/17,0,0,0.0,0.0,0.0
3/24/17,0,0,0.0,0.0,0.0
3/27/17,0,0,0.0,0.0,0.0
3/28/17,0,0,0.0,0.0,0.0
3/29/17,0,0,0.0,0.0,0.0
3/30/17,0,0,0.0,0.0,0.0
3/31/17,0,0,0.0,0.0,0.0
4/3/17,0,0,0.0,0.0,0.0
4/4/17,0,0,0.0,0.0,0.0
4/5/17,0,0,0.0,0.0,0.0
4/6/17,0,0,0.0,0.0,0.0
4/7/17,0,0,0.0,0.0,0.0
4/10/17,0,0,0.0,0.0,0.0
4/11/17,0,0,0.0,0.0,0.0
4/12/17,0,0,0.0,0.0,0.0
4/13/17,0,0,0.0,0.0,0.0
4/17/17,0,0,0.0,0.0,0.0
4/18/17,0,0,0.0,0.0,0.0
4/19/17,0,0,0.0,0.0,0.0
4/20/17,0,0,0.0,0.0,0.0
4/21/17,0,0,0.0,0.0,0.0
4/24/17,0,0,0.0,0.0,0.0
4/25/17,0,0,0.0,0.0,0.0
4/26/17,0,0,0.0,0.0,0.0
4/27/17,1,-1,-289.55,202.95,-86.60000000000002
4/28/17,1,-1,325.0,-1005.0,-680.0
5/1/17,1,-1,-62.5,-180.0,-242.5
5/2/17,1,-1,-125.0,530.0,405.0
5/3/17,1,-1,112.5,-250.0,-137.5
5/4/17,1,-1,612.5,-450.0,162.5
5/5/17,1,-1,-137.5,-145.0,-282.5
5/8/17,1,-1,-87.5,-415.0,-502.5
5/9/17,1,-1,100.0,15.0,115.0
5/10/17,1,-1,-212.5,95.0,-117.5
5/11/17,1,-1,-112.5,-365.0,-477.5
5/12/17,1,-1,487.5,-245.0,242.5
5/15/17,1,-1,-75.0,-460.0,-535.0
5/16/17,1,-1,-1975.0,2910.0,935.0
5/17/17,1,-1,300.0,-1035.0,-735.0
5/18/17,1,-1,900.0,-455.0,445.0
5/19/17,1,-1,562.5,-975.0,-412.5
5/22/17,1,-1,262.5,-190.0,72.5
5/23/17,1,-1,200.0,-395.0,-195.0
5/24/17,1,-1,575.0,-1015.0,-440.0
5/25/17,1,-1,12.5,-205.0,-192.5
5/26/17,1,-1,-150.0,5.0,-145.0
5/30/17,1,-1,12.5,-25.0,-12.5
5/31/17,1,-1,925.0,-575.0,350.0
6/1/17,1,-1,412.5,-1280.0,-867.5
6/2/17,1,-1,-162.5,105.0,-57.5
6/5/17,1,-1,-187.5,350.0,162.5
6/6/17,1,-1,62.5,-330.0,-267.5
6/7/17,1,-1,25.0,-105.0,-80.0
6/8/17,1,-1,-100.0,2890.0,2790.0
6/9/17,1,-1,-100.0,590.0,490.0
6/12/17,1,-1,575.0,-805.0,-230.0
6/13/17,1,-1,-137.5,530.0,392.5
6/14/17,1,-1,-162.5,470.0,307.5
6/15/17,1,-1,-50.0,505.0,455.0
6/16/17,1,-1,825.0,-1640.0,-815.0
6/19/17,1,-1,-500.0,665.0,165.0
6/20/17,1,-1,-200.0,-1265.0,-1465.0
6/21/17,1,-1,-87.5,205.0,117.5
6/22/17,1,-1,162.5,-530.0,-367.5
6/23/17,1,-1,50.0,680.0,730.0
6/26/17,1,-1,-775.0,2035.0,1260.0
6/27/17,1,-1,900.0,-1740.0,-840.0
6/28/17,1,-1,-925.0,2210.0,1285.0
6/29/17,0,0,-14.549999999999999,-7.049999999999999,-21.599999999999998
6/30/17,0,0,0.0,0.0,0.0
7/3/17,0,0,0.0,0.0,0.0
7/5/17,0,0,0.0,0.0,0.0
7/6/17,0,0,0.0,0.0,0.0
7/7/17,0,0,0.0,0.0,0.0
7/10/17,0,0,0.0,0.0,0.0
7/11/17,0,0,0.0,0.0,0.0
7/12/17,0,0,0.0,0.0,0.0
7/13/17,0,0,0.0,0.0,0.0
7/14/17,0,0,0.0,0.0,0.0
7/17/17,0,0,0.0,0.0,0.0
7/18/17,0,0,0.0,0.0,0.0
7/19/17,0,0,0.0,0.0,0.0
7/20/17,0,0,0.0,0.0,0.0
7/21/17,0,0,0.0,0.0,0.0
7/24/17,0,0,0.0,0.0,0.0
7/25/17,0,0,0.0,0.0,0.0
7/26/17,0,0,0.0,0.0,0.0
7/27/17,0,0,0.0,0.0,0.0
7/28/17,0,0,0.0,0.0,0.0
7/31/17,0,0,0.0,0.0,0.0
8/1/17,0,0,0.0,0.0,0.0
8/2/17,0,0,0.0,0.0,0.0
8/3/17,0,0,0.0,0.0,0.0
8/4/17,0,0,0.0,0.0,0.0
8/7/17,0,0,0.0,0.0,0.0
8/8/17,0,0,0.0,0.0,0.0
8/9/17,0,0,0.0,0.0,0.0
8/10/17,0,0,0.0,0.0,0.0
8/11/17,0,0,0.0,0.0,0.0
8/14/17,0,0,0.0,0.0,0.0
8/15/17,0,0,0.0,0.0,0.0
8/16/17,0,0,0.0,0.0,0.0
8/17/17,0,0,0.0,0.0,0.0
8/18/17,0,0,0.0,0.0,0.0
8/21/17,0,0,0.0,0.0,0.0
8/22/17,0,0,0.0,0.0,0.0
8/23/17,0,0,0.0,0.0,0.0
8/24/17,0,0,0.0,0.0,0.0
8/25/17,0,0,0.0,0.0,0.0
8/28/17,0,0,0.0,0.0,0.0
8/29/17,0,0,0.0,0.0,0.0
8/30/17,0,0,0.0,0.0,0.0
8/31/17,0,0,0.0,0.0,0.0
9/1/17,0,0,0.0,0.0,0.0
9/5/17,0,0,0.0,0.0,0.0
9/6/17,0,0,0.0,0.0,0.0
9/7/17,0,0,0.0,0.0,0.0
9/8/17,0,0,0.0,0.0,0.0
9/11/17,0,0,0.0,0.0,0.0
9/12/17,0,0,0.0,0.0,0.0
9/13/17,0,0,0.0,0.0,0.0
9/14/17,0,0,0.0,0.0,0.0
9/15/17,0,0,0.0,0.0,0.0
9/18/17,0,0,0.0,0.0,0.0
9/19/17,0,0,0.0,0.0,0.0
9/20/17,0,0,0.0,0.0,0.0
9/21/17,0,0,0.0,0.0,0.0
9/22/17,0,0,0.0,0.0,0.0
9/25/17,0,0,0.0,0.0,0.0
9/26/17,0,0,0.0,0.0,0.0
9/27/17,0,0,0.0,0.0,0.0
9/28/17,0,0,0.0,0.0,0.0
9/29/17,0,0,0.0,0.0,0.0
10/2/17,0,0,0.0,0.0,0.0
10/3/17,0,0,0.0,0.0,0.0
10/4/17,0,0,0.0,0.0,0.0
10/5/17,0,0,0.0,0.0,0.0
10/6/17,0,0,0.0,0.0,0.0
10/9/17,0,0,0.0,0.0,0.0
10/10/17,0,0,0.0,0.0,0.0
10/11/17,0,0,0.0,0.0,0.0
10/12/17,0,0,0.0,0.0,0.0
10/13/17,0,0,0.0,0.0,0.0
10/16/17,0,0,0.0,0.0,0.0
10/17/17,0,0,0.0,0.0,0.0
10/18/17,0,0,0.0,0.0,0.0
10/19/17,0,0,0.0,0.0,0.0
10/20/17,0,0,0.0,0.0,0.0
10/23/17,0,0,0.0,0.0,0.0
10/24/17,0,0,0.0,0.0,0.0
10/25/17,0,0,0.0,0.0,0.0
10/26/17,0,0,0.0,0.0,0.0
10/27/17,0,0,0.0,0.0,0.0
10/30/17,0,0,0.0,0.0,0.0
10/31/17,0,0,0.0,0.0,0.0
11/1/17,0,0,0.0,0.0,0.0
11/2/17,0,0,0.0,0.0,0.0
11/3/17,0,0,0.0,0.0,0.0
11/6/17,0,0,0.0,0.0,0.0
11/7/17,0,0,0.0,0.0,0.0
11/8/17,0,0,0.0,0.0,0.0
11/9/17,0,0,0.0,0.0,0.0
11/10/17,0,0,0.0,0.0,0.0
11/13/17,0,0,0.0,0.0,0.0
11/14/17,0,0,0.0,0.0,0.0
11/15/17,0,0,0.0,0.0,0.0
11/16/17,0,0,0.0,0.0,0.0
11/17/17,0,0,0.0,0.0,0.0
11/20/17,0,0,0.0,0.0,0.0
11/21/17,0,0,0.0,0.0,0.0
11/22/17,0,0,0.0,0.0,0.0
11/24/17,0,0,0.0,0.0,0.0
11/27/17,0,0,0.0,0.0,0.0
11/28/17,0,0,0.0,0.0,0.0
11/29/17,0,0,0.0,0.0,0.0
11/30/17,0,0,0.0,0.0,0.0
12/1/17,0,0,0.0,0.0,0.0
12/4/17,0,0,0.0,0.0,0.0
12/5/17,0,0,0.0,0.0,0.0
12/6/17,0,0,0.0,0.0,0.0
12/7/17,0,0,0.0,0.0,0.0
12/8/17,0,0,0.0,0.0,0.0
12/11/17,0,0,0.0,0.0,0.0
12/12/17,0,0,0.0,0.0,0.0
12/13/17,0,0,0.0,0.0,0.0
12/14/17,0,0,0.0,0.0,0.0
12/15/17,0,0,0.0,0.0,0.0
12/18/17,0,0,0.0,0.0,0.0
12/19/17,0,0,0.0,0.0,0.0
12/20/17,0,0,0.0,0.0,0.0
12/21/17,0,0,0.0,0.0,0.0
12/22/17,0,0,0.0,0.0,0.0
12/26/17,0,0,0.0,0.0,0.0
12/27/17,0,0,0.0,0.0,0.0
12/28/17,0,0,0.0,0.0,0.0
12/29/17,0,0,0.0,0.0,0.0
1/2/18,0,0,0.0,0.0,0.0
1/3/18,0,0,0.0,0.0,0.0
1/4/18,0,0,0.0,0.0,0.0
1/5/18,0,0,0.0,0.0,0.0
1/8/18,0,0,0.0,0.0,0.0
1/9/18,0,0,0.0,0.0,0.0
1/10/18,0,0,0.0,0.0,0.0
1/11/18,0,0,0.0,0.0,0.0
1/12/18,0,0,0.0,0.0,0.0
1/16/18,0,0,0.0,0.0,0.0
1/17/18,0,0,0.0,0.0,0.0
1/18/18,0,0,0.0,0.0,0.0
1/19/18,0,0,0.0,0.0,0.0
1/22/18,0,0,0.0,0.0,0.0
1/23/18,0,0,0.0,0.0,0.0
1/24/18,0,0,0.0,0.0,0.0
1/25/18,0,0,0.0,0.0,0.0
1/26/18,0,0,0.0,0.0,0.0
1/29/18,0,0,0.0,0.0,0.0
1/30/18,0,0,0.0,0.0,0.0
1/31/18,0,0,0.0,0.0,0.0
2/1/18,0,0,0.0,0.0,0.0
2/2/18,0,0,0.0,0.0,0.0
2/5/18,0,0,0.0,0.0,0.0
2/6/18,0,0,0.0,0.0,0.0
2/7/18,0,0,0.0,0.0,0.0
2/8/18,0,0,0.0,0.0,0.0
2/9/18,0,0,0.0,0.0,0.0
2/12/18,0,0,0.0,0.0,0.0
2/13/18,0,0,0.0,0.0,0.0
2/14/18,0,0,0.0,0.0,0.0
2/15/18,1,-1,35.45,577.95,613.4000000000001
2/16/18,1,-1,-1050.0,-75.0,-1125.0
2/20/18,1,-1,-762.5,600.0,-162.5
2/21/18,1,-1,637.5,-565.0,72.5
2/22/18,1,-1,1862.5,-2420.0,-557.5
2/23/18,1,-1,1787.5,-1805.0,-17.5
2/26/18,1,-1,-1850.0,1685.0,-165.0
2/27/18,1,-1,-1650.0,1015.0,-635.0
2/28/18,1,-1,-1812.5,2085.0,272.5
3/1/18,1,-1,600.0,-880.0,-280.0
3/2/18,1,-1,1412.5,-1455.0,-42.5
3/5/18,1,-1,275.0,-605.0,-330.0
3/6/18,1,-1,-37.5,-335.0,-372.5
3/7/18,1,-1,800.0,-995.0,-195.0
3/8/18,1,-1,2237.5,-2480.0,-242.5
3/9/18,1,-1,0.0,-825.0,-825.0
3/12/18,1,-1,-775.0,1625.0,850.0
3/13/18,1,-1,-937.5,495.0,-442.5
3/14/18,1,-1,75.0,-250.0,-175.0
3/15/18,1,-1,25.0,530.0,555.0
3/16/18,1,-1,-1662.5,2595.0,932.5
3/19/18,1,-1,37.5,-65.0,-27.5
3/20/18,1,-1,-262.5,670.0,407.5
3/21/18,1,-1,-3750.0,3840.0,90.0
3/22/18,1,-1,-2275.0,2755.0,480.0
3/23/18,1,-1,3087.5,-4385.0,-1297.5
3/26/18,1,-1,-2187.5,4245.0,2057.5
3/27/18,1,-1,-412.5,1680.0,1267.5
3/28/18,1,-1,1775.0,-2335.0,-560.0
3/29/18,1,-1,-3400.0,4015.0,615.0
4/2/18,1,-1,1912.5,-1520.0,392.5
4/3/18,1,-1,1687.5,-2265.0,-577.5
4/4/18,1,-1,737.5,-355.0,382.5
4/5/18,1,-1,-2800.0,2910.0,110.0
4/6/18,1,-1,662.5,-845.0,-182.5
4/9/18,1,-1,1800.0,-2545.0,-745.0
4/10/18,1,-1,-700.0,630.0,-70.0
4/11/18,1,-1,1150.0,-1560.0,-410.0
4/12/18,1,-1,-337.5,600.0,262.5
4/13/18,1,-1,1225.0,-1425.0,-200.0
4/16/18,1,-1,1237.5,-2335.0,-1097.5
4/17/18,1,-1,162.5,-295.0,-132.5
4/18/18,1,-1,-837.5,1270.0,432.5
4/19/18,1,-1,-1075.0,2075.0,1000.0
4/20/18,1,-1,-12.5,185.0,172.5
4/23/18,1,-1,-1800.0,2805.0,1005.0
4/24/18,0,0,-14.549999999999999,-7.049999999999999,-21.599999999999998
4/25/18,0,0,0.0,0.0,0.0
4/26/18,0,0,0.0,0.0,0.0
4/27/18,0,0,0.0,0.0,0.0
4/30/18,0,0,0.0,0.0,0.0
5/1/18,0,0,0.0,0.0,0.0
5/2/18,0,0,0.0,0.0,0.0
5/3/18,0,0,0.0,0.0,0.0
5/4/18,1,-1,335.45,-1032.05,-696.5999999999999
5/7/18,1,-1,12.5,110.0,122.5
5/8/18,1,-1,1287.5,-1510.0,-222.5
5/9/18,1,-1,1137.5,-1380.0,-242.5
5/10/18,1,-1,537.5,100.0,637.5
5/11/18,1,-1,75.0,-280.0,-205.0
5/14/18,1,-1,-1100.0,1670.0,570.0
5/15/18,1,-1,700.0,-935.0,-235.0
5/16/18,1,-1,-212.5,630.0,417.5
5/17/18,1,-1,-287.5,635.0,347.5
5/18/18,1,-1,1000.0,-835.0,165.0
5/21/18,1,-1,-350.0,130.0,-220.0
5/22/18,1,-1,237.5,-955.0,-717.5
5/23/18,1,-1,-162.5,-5.0,-167.5
5/24/18,1,-1,-462.5,-60.0,-522.5
5/25/18,1,-1,-1300.0,315.0,-985.0
5/29/18,1,-1,1612.5,-855.0,757.5
5/30/18,1,-1,-950.0,205.0,-745.0
5/31/18,1,-1,1412.5,-2120.0,-707.5
6/1/18,1,-1,587.5,-1305.0,-717.5
6/4/18,1,-1,300.0,-620.0,-320.0
6/5/18,1,-1,1037.5,-715.0,322.5
6/6/18,1,-1,0.0,1080.0,1080.0
6/7/18,1,-1,325.0,190.0,515.0
6/8/18,1,-1,212.5,-375.0,-162.5
6/11/18,1,-1,50.0,-585.0,-535.0
6/12/18,1,-1,-462.5,-95.0,-557.5
6/13/18,1,-1,475.0,-1605.0,-1130.0
6/14/18,1,-1,-200.0,595.0,395.0
6/15/18,1,-1,-237.5,110.0,-127.5
6/18/18,1,-1,-675.0,475.0,-200.0
6/19/18,1,-1,287.5,-1220.0,-932.5
6/20/18,1,-1,-975.0,1510.0,535.0
6/21/18,1,-1,350.0,300.0,650.0
6/22/18,1,-1,-1862.5,2985.0,1122.5
6/25/18,1,-1,312.5,-610.0,-297.5
6/26/18,1,-1,-1175.0,2115.0,940.0
6/27/18,1,-1,725.0,-1245.0,-520.0
6/28/18,1,-1,100.0,-125.0,-25.0
6/29/18,1,-1,287.5,-995.0,-707.5
7/2/18,1,-1,-700.0,1855.0,1155.0
7/3/18,1,-1,1262.5,-2040.0,-777.5
7/5/18,1,-1,1225.0,-2155.0,-930.0
7/6/18,1,-1,1225.0,-1335.0,-110.0
7/9/18,1,-1,462.5,-25.0,437.5
7/10/18,1,-1,-1137.5,955.0,-182.5
7/11/18,1,-1,1225.0,-2580.0,-1355.0
7/12/18,1,-1,237.5,-205.0,32.5
7/13/18,1,-1,-337.5,1360.0,1022.5
7/16/18,1,-1,737.5,-1935.0,-1197.5
7/17/18,1,-1,237.5,345.0,582.5
7/18/18,1,-1,-537.5,735.0,197.5
7/19/18,1,-1,-225.0,155.0,-70.0
7/20/18,1,-1,562.5,-1410.0,-847.5
7/23/18,1,-1,450.0,285.0,735.0
7/24/18,1,-1,1012.5,-1065.0,-52.5
7/25/18,1,-1,62.5,775.0,837.5
7/26/18,1,-1,-1250.0,2590.0,1340.0
7/27/18,1,-1,-712.5,2015.0,1302.5
7/30/18,1,-1,687.5,-885.0,-197.5
7/31/18,1,-1,-312.5,-645.0,-957.5
8/1/18,1,-1,887.5,-2175.0,-1287.5
8/2/18,1,-1,550.0,-325.0,225.0
8/3/18,1,-1,525.0,-840.0,-315.0
8/6/18,1,-1,487.5,-665.0,-177.5
8/7/18,1,-1,-225.0,115.0,-110.0
8/8/18,1,-1,-75.0,-80.0,-155.0
8/9/18,1,-1,-850.0,970.0,120.0
8/10/18,1,-1,-562.5,200.0,-362.5
8/13/18,1,-1,775.0,-815.0,-40.0
8/14/18,1,-1,-987.5,1675.0,687.5
8/15/18,1,-1,1175.0,-300.0,875.0
8/16/18,1,-1,375.0,25.0,400.0
8/17/18,1,-1,312.5,15.0,327.5
8/20/18,1,-1,162.5,-210.0,-47.5
8/21/18,1,-1,-25.0,-715.0,-740.0
8/22/18,1,-1,-162.5,175.0,12.5
8/23/18,1,-1,937.5,-1425.0,-487.5
8/24/18,1,-1,1087.5,-1445.0,-357.5
8/27/18,1,-1,37.5,-200.0,-162.5
8/28/18,1,-1,775.0,-1815.0,-1040.0
8/29/18,1,-1,-637.5,395.0,-242.5
8/30/18,1,-1,0.0,-245.0,-245.0
8/31/18,1,-1,-187.5,450.0,262.5
9/4/18,1,-1,-500.0,2140.0,1640.0
9/5/18,1,-1,-462.5,1485.0,1022.5
9/6/18,1,-1,-212.5,380.0,167.5
9/7/18,0,0,-14.549999999999999,-7.049999999999999,-21.599999999999998
9/10/18,0,0,0.0,0.0,0.0
9/11/18,0,0,0.0,0.0,0.0
9/12/18,0,0,0.0,0.0,0.0
9/13/18,0,0,0.0,0.0,0.0
9/14/18,0,0,0.0,0.0,0.0
9/17/18,0,0,0.0,0.0,0.0
9/18/18,0,0,0.0,0.0,0.0
9/19/18,0,0,0.0,0.0,0.0
9/20/18,0,0,0.0,0.0,0.0
9/21/18,0,0,0.0,0.0,0.0
9/24/18,0,0,0.0,0.0,0.0
9/25/18,0,0,0.0,0.0,0.0
9/26/18,0,0,0.0,0.0,0.0
9/27/18,0,0,0.0,0.0,0.0
9/28/18,0,0,0.0,0.0,0.0
10/1/18,0,0,0.0,0.0,0.0
10/2/18,0,0,0.0,0.0,0.0
10/3/18,0,0,0.0,0.0,0.0
10/4/18,0,0,0.0,0.0,0.0
10/5/18,0,0,0.0,0.0,0.0
10/8/18,0,0,0.0,0.0,0.0
10/9/18,0,0,0.0,0.0,0.0
10/10/18,0,0,0.0,0.0,0.0
10/11/18,0,0,0.0,0.0,0.0
10/12/18,0,0,0.0,0.0,0.0
10/15/18,0,0,0.0,0.0,0.0
10/16/18,0,0,0.0,0.0,0.0
10/17/18,0,0,0.0,0.0,0.0
10/18/18,0,0,0.0,0.0,0.0
10/19/18,0,0,0.0,0.0,0.0
10/22/18,0,0,0.0,0.0,0.0
10/23/18,0,0,0.0,0.0,0.0
10/24/18,0,0,0.0,0.0,0.0
10/25/18,0,0,0.0,0.0,0.0
10/26/18,0,0,0.0,0.0,0.0
10/29/18,0,0,0.0,0.0,0.0
10/30/18,0,0,0.0,0.0,0.0
10/31/18,0,0,0.0,0.0,0.0
11/1/18,0,0,0.0,0.0,0.0
11/2/18,0,0,0.0,0.0,0.0
11/5/18,0,0,0.0,0.0,0.0
11/6/18,0,0,0.0,0.0,0.0
11/7/18,0,0,0.0,0.0,0.0
11/8/18,0,0,0.0,0.0,0.0
11/9/18,0,0,0.0,0.0,0.0
11/12/18,0,0,0.0,0.0,0.0
11/13/18,0,0,0.0,0.0,0.0
11/14/18,0,0,0.0,0.0,0.0
11/15/18,0,0,0.0,0.0,0.0
11/16/18,0,0,0.0,0.0,0.0
11/19/18,0,0,0.0,0.0,0.0
11/20/18,0,0,0.0,0.0,0.0
11/21/18,0,0,0.0,0.0,0.0
11/23/18,0,0,0.0,0.0,0.0
11/26/18,0,0,0.0,0.0,0.0
11/27/18,0,0,0.0,0.0,0.0
11/28/18,0,0,0.0,0.0,0.0
11/29/18,0,0,0.0,0.0,0.0
11/30/18,0,0,0.0,0.0,0.0
12/3/18,0,0,0.0,0.0,0.0
12/4/18,0,0,0.0,0.0,0.0
12/5/18,0,0,0.0,0.0,0.0
12/6/18,0,0,0.0,0.0,0.0
12/7/18,0,0,0.0,0.0,0.0
12/10/18,0,0,0.0,0.0,0.0
12/11/18,0,0,0.0,0.0,0.0
12/12/18,0,0,0.0,0.0,0.0
12/13/18,0,0,0.0,0.0,0.0
12/14/18,0,0,0.0,0.0,0.0
12/17/18,0,0,0.0,0.0,0.0
12/18/18,0,0,0.0,0.0,0.0
12/19/18,0,0,0.0,0.0,0.0
12/20/18,0,0,0.0,0.0,0.0
12/21/18,0,0,0.0,0.0,0.0
12/24/18,0,0,0.0,0.0,0.0
12/26/18,0,0,0.0,0.0,0.0
12/27/18,0,0,0.0,0.0,0.0
12/28/18,0,0,0.0,0.0,0.0
12/31/18,0,0,0.0,0.0,0.0
1/2/19,0,0,0.0,0.0,0.0
1/3/19,0,0,0.0,0.0,0.0
1/4/19,0,0,0.0,0.0,0.0
1/7/19,0,0,0.0,0.0,0.0
1/8/19,0,0,0.0,0.0,0.0
1/9/19,0,0,0.0,0.0,0.0
1/10/19,0,0,0.0,0.0,0.0
1/11/19,0,0,0.0,0.0,0.0
1/14/19,0,0,0.0,0.0,0.0
1/15/19,0,0,0.0,0.0,0.0
1/16/19,0,0,0.0,0.0,0.0
1/17/19,0,0,0.0,0.0,0.0
1/18/19,0,0,0.0,0.0,0.0
1/22/19,0,0,0.0,0.0,0.0
1/23/19,0,0,0.0,0.0,0.0
1/24/19,0,0,0.0,0.0,0.0
1/25/19,0,0,0.0,0.0,0.0
1/28/19,0,0,0.0,0.0,0.0
1/29/19,0,0,0.0,0.0,0.0
1/30/19,0,0,0.0,0.0,0.0
1/31/19,0,0,0.0,0.0,0.0
2/1/19,0,0,0.0,0.0,0.0
2/4/19,0,0,0.0,0.0,0.0
2/5/19,0,0,0.0,0.0,0.0
2/6/19,0,0,0.0,0.0,0.0
2/7/19,0,0,0.0,0.0,0.0
2/8/19,0,0,0.0,0.0,0.0
2/11/19,0,0,0.0,0.0,0.0
2/12/19,0,0,0.0,0.0,0.0
2/13/19,0,0,0.0,0.0,0.0
2/14/19,0,0,0.0,0.0,0.0
2/15/19,0,0,0.0,0.0,0.0
2/19/19,0,0,0.0,0.0,0.0
2/20/19,0,0,0.0,0.0,0.0
2/21/19,0,0,0.0,0.0,0.0
2/22/19,0,0,0.0,0.0,0.0
2/25/19,0,0,0.0,0.0,0.0
2/26/19,0,0,0.0,0.0,0.0
2/27/19,0,0,0.0,0.0,0.0
2/28/19,0,0,0.0,0.0,0.0
3/1/19,0,0,0.0,0.0,0.0
3/4/19,0,0,0.0,0.0,0.0
3/5/19,0,0,0.0,0.0,0.0
3/6/19,0,0,0.0,0.0,0.0
3/7/19,0,0,0.0,0.0,0.0
3/8/19,0,0,0.0,0.0,0.0
3/11/19,0,0,0.0,0.0,0.0
3/12/19,0,0,0.0,0.0,0.0
3/13/19,0,0,0.0,0.0,0.0
3/14/19,0,0,0.0,0.0,0.0
3/15/19,0,0,0.0,0.0,0.0
3/18/19,0,0,0.0,0.0,0.0
3/19/19,0,0,0.0,0.0,0.0
3/20/19,0,0,0.0,0.0,0.0
3/21/19,0,0,0.0,0.0,0.0
3/22/19,0,0,0.0,0.0,0.0
3/25/19,0,0,0.0,0.0,0.0
3/26/19,0,0,0.0,0.0,0.0
3/27/19,0,0,0.0,0.0,0.0
3/28/19,0,0,0.0,0.0,0.0
3/29/19,0,0,0.0,0.0,0.0
4/1/19,0,0,0.0,0.0,0.0
4/2/19,0,0,0.0,0.0,0.0
4/3/19,0,0,0.0,0.0,0.0
4/4/19,0,0,0.0,0.0,0.0
4/5/19,0,0,0.0,0.0,0.0
4/8/19,0,0,0.0,0.0,0.0
4/9/19,0,0,0.0,0.0,0.0
4/10/19,0,0,0.0,0.0,0.0
4/11/19,0,0,0.0,0.0,0.0
4/12/19,0,0,0.0,0.0,0.0
4/15/19,0,0,0.0,0.0,0.0
4/16/19,0,0,0.0,0.0,0.0
4/17/19,0,0,0.0,0.0,0.0
4/18/19,0,0,0.0,0.0,0.0
4/22/19,0,0,0.0,0.0,0.0
4/23/19,0,0,0.0,0.0,0.0
4/24/19,1,-1,-239.55,977.95,738.4000000000001
4/25/19,1,-1,762.5,-835.0,-72.5
4/26/19,1,-1,75.0,530.0,605.0
4/29/19,1,-1,275.0,275.0,550.0
4/30/19,1,-1,-1275.0,870.0,-405.0
5/1/19,1,-1,-275.0,445.0,170.0
5/2/19,1,-1,1500.0,-2615.0,-1115.0
5/3/19,1,-1,-750.0,1230.0,480.0
5/6/19,1,-1,-2087.5,2590.0,502.5
5/7/19,1,-1,-175.0,530.0,355.0
5/8/19,1,-1,-725.0,1045.0,320.0
5/9/19,1,-1,712.5,-300.0,412.5
5/10/19,1,-1,-4000.0,5910.0,1910.0
5/13/19,0,0,-14.549999999999999,-7.049999999999999,-21.599999999999998
5/14/19,0,0,0.0,0.0,0.0
5/15/19,0,0,0.0,0.0,0.0
5/16/19,0,0,0.0,0.0,0.0
5/17/19,0,0,0.0,0.0,0.0
5/20/19,0,0,0.0,0.0,0.0
5/21/19,0,0,0.0,0.0,0.0
5/22/19,0,0,0.0,0.0,0.0
5/23/19,0,0,0.0,0.0,0.0
5/24/19,0,0,0.0,0.0,0.0
5/28/19,0,0,0.0,0.0,0.0
5/29/19,0,0,0.0,0.0,0.0
5/30/19,0,0,0.0,0.0,0.0
5/31/19,0,0,0.0,0.0,0.0
6/3/19,0,0,0.0,0.0,0.0
6/4/19,0,0,0.0,0.0,0.0
6/5/19,0,0,0.0,0.0,0.0
6/6/19,0,0,0.0,0.0,0.0
6/7/19,0,0,0.0,0.0,0.0
6/10/19,0,0,0.0,0.0,0.0
6/11/19,0,0,0.0,0.0,0.0
6/12/19,0,0,0.0,0.0,0.0
6/13/19,0,0,0.0,0.0,0.0
6/14/19,0,0,0.0,0.0,0.0
6/17/19,0,0,0.0,0.0,0.0
6/18/19,0,0,0.0,0.0,0.0
6/19/19,0,0,0.0,0.0,0.0
6/20/19,0,0,0.0,0.0,0.0
6/21/19,0,0,0.0,0.0,0.0
6/24/19,0,0,0.0,0.0,0.0
6/25/19,0,0,0.0,0.0,0.0
6/26/19,0,0,0.0,0.0,0.0
6/27/19,0,0,0.0,0.0,0.0
6/28/19,0,0,0.0,0.0,0.0
7/1/19,0,0,0.0,0.0,0.0
7/2/19,0,0,0.0,0.0,0.0
7/3/19,0,0,0.0,0.0,0.0
7/5/19,0,0,0.0,0.0,0.0
7/8/19,0,0,0.0,0.0,0.0
7/9/19,0,0,0.0,0.0,0.0
7/10/19,0,0,0.0,0.0,0.0
7/11/19,0,0,0.0,0.0,0.0
7/12/19,0,0,0.0,0.0,0.0
7/15/19,0,0,0.0,0.0,0.0
7/16/19,0,0,0.0,0.0,0.0
7/17/19,0,0,0.0,0.0,0.0
7/18/19,0,0,0.0,0.0,0.0
7/19/19,0,0,0.0,0.0,0.0
7/22/19,0,0,0.0,0.0,0.0
7/23/19,0,0,0.0,0.0,0.0
7/24/19,0,0,0.0,0.0,0.0
7/25/19,0,0,0.0,0.0,0.0
7/26/19,0,0,0.0,0.0,0.0
7/29/19,0,0,0.0,0.0,0.0
7/30/19,0,0,0.0,0.0,0.0
7/31/19,0,0,0.0,0.0,0.0
8/1/19,0,0,0.0,0.0,0.0
8/2/19,0,0,0.0,0.0,0.0
8/5/19,0,0,0.0,0.0,0.0
8/6/19,0,0,0.0,0.0,0.0
8/7/19,0,0,0.0,0.0,0.0
8/8/19,0,0,0.0,0.0,0.0
8/9/19,0,0,0.0,0.0,0.0
8/12/19,0,0,0.0,0.0,0.0
8/13/19,0,0,0.0,0.0,0.0
8/14/19,0,0,0.0,0.0,0.0
8/15/19,0,0,0.0,0.0,0.0
8/16/19,0,0,0.0,0.0,0.0
8/19/19,0,0,0.0,0.0,0.0
8/20/19,0,0,0.0,0.0,0.0
8/21/19,0,0,0.0,0.0,0.0
8/22/19,0,0,0.0,0.0,0.0
8/23/19,0,0,0.0,0.0,0.0
8/26/19,0,0,0.0,0.0,0.0
8/27/19,0,0,0.0,0.0,0.0
8/28/19,0,0,0.0,0.0,0.0
8/29/19,0,0,0.0,0.0,0.0
8/30/19,0,0,0.0,0.0,0.0
9/3/19,0,0,0.0,0.0,0.0
9/4/19,0,0,0.0,0.0,0.0
9/5/19,0,0,0.0,0.0,0.0
9/6/19,0,0,0.0,0.0,0.0
9/9/19,0,0,0.0,0.0,0.0
9/10/19,0,0,0.0,0.0,0.0
9/11/19,0,0,0.0,0.0,0.0
9/12/19,0,0,0.0,0.0,0.0
9/13/19,0,0,0.0,0.0,0.0
9/16/19,0,0,0.0,0.0,0.0
9/17/19,0,0,0.0,0.0,0.0
9/18/19,0,0,0.0,0.0,0.0
9/19/19,0,0,0.0,0.0,0.0
9/20/19,0,0,0.0,0.0,0.0
9/23/19,0,0,0.0,0.0,0.0
9/24/19,0,0,0.0,0.0,0.0
9/25/19,0,0,0.0,0.0,0.0
9/26/19,0,0,0.0,0.0,0.0
9/27/19,0,0,0.0,0.0,0.0
9/30/19,0,0,0.0,0.0,0.0
10/1/19,0,0,0.0,0.0,0.0
10/2/19,0,0,0.0,0.0,0.0
10/3/19,0,0,0.0,0.0,0.0
10/4/19,0,0,0.0,0.0,0.0
10/7/19,0,0,0.0,0.0,0.0
10/8/19,0,0,0.0,0.0,0.0
10/9/19,0,0,0.0,0.0,0.0
10/10/19,0,0,0.0,0.0,0.0
10/11/19,0,0,0.0,0.0,0.0
10/14/19,0,0,0.0,0.0,0.0
10/15/19,0,0,0.0,0.0,0.0
10/16/19,0,0,0.0,0.0,0.0
10/17/19,0,0,0.0,0.0,0.0
10/18/19,0,0,0.0,0.0,0.0
10/21/19,0,0,0.0,0.0,0.0
10/22/19,0,0,0.0,0.0,0.0
10/23/19,0,0,0.0,0.0,0.0
10/24/19,0,0,0.0,0.0,0.0
10/25/19,0,0,0.0,0.0,0.0
10/28/19,0,0,0.0,0.0,0.0
10/29/19,0,0,0.0,0.0,0.0
10/30/19,0,0,0.0,0.0,0.0
10/31/19,0,0,0.0,0.0,0.0
11/1/19,0,0,0.0,0.0,0.0
11/4/19,0,0,0.0,0.0,0.0
11/5/19,0,0,0.0,0.0,0.0
11/6/19,0,0,0.0,0.0,0.0
11/7/19,0,0,0.0,0.0,0.0
11/8/19,0,0,0.0,0.0,0.0
11/11/19,0,0,0.0,0.0,0.0
11/12/19,0,0,0.0,0.0,0.0
11/13/19,0,0,0.0,0.0,0.0
11/14/19,0,0,0.0,0.0,0.0
11/15/19,0,0,0.0,0.0,0.0
11/18/19,0,0,0.0,0.0,0.0
11/19/19,0,0,0.0,0.0,0.0
11/20/19,0,0,0.0,0.0,0.0
11/21/19,0,0,0.0,0.0,0.0
11/22/19,0,0,0.0,0.0,0.0
11/25/19,0,0,0.0,0.0,0.0
11/26/19,0,0,0.0,0.0,0.0
11/27/19,0,0,0.0,0.0,0.0
11/29/19,0,0,0.0,0.0,0.0
12/2/19,0,0,0.0,0.0,0.0
12/3/19,0,0,0.0,0.0,0.0
12/4/19,0,0,0.0,0.0,0.0
12/5/19,0,0,0.0,0.0,0.0
12/6/19,0,0,0.0,0.0,0.0
12/9/19,0,0,0.0,0.0,0.0
12/10/19,0,0,0.0,0.0,0.0
12/11/19,0,0,0.0,0.0,0.0
12/12/19,0,0,0.0,0.0,0.0
12/13/19,0,0,0.0,0.0,0.0
12/16/19,0,0,0.0,0.0,0.0
12/17/19,0,0,0.0,0.0,0.0
12/18/19,0,0,0.0,0.0,0.0
12/19/19,0,0,0.0,0.0,0.0
12/20/19,0,0,0.0,0.0,0.0
12/23/19,0,0,0.0,0.0,0.0
12/24/19,0,0,0.0,0.0,0.0
12/26/19,1,-1,-364.55,412.95,48.39999999999998
12/27/19,1,-1,-700.0,990.0,290.0
12/30/19,1,-1,375.0,-370.0,5.0
12/31/19,1,-1,1400.0,-2790.0,-1390.0
